androidx.cursoradapter.widget.CursorAdapter,19
androidx.core.app.ActivityCompat,266
androidx.loader.content.Loader,52
androidx.loader.app.LoaderManager,48
androidx.annotation.Nullable,435
androidx.core.content.res.ResourcesCompat,69
androidx.appcompat.app.AppCompatActivity,506
androidx.loader.content.CursorLoader,27
androidx.documentfile.provider.DocumentFile,60
androidx.annotation.NonNull,518
androidx.core.app.NotificationManagerCompat,100
androidx.core.content.FileProvider,168
androidx.annotation.LayoutRes,100
androidx.core.graphics.BlendModeCompat,4
androidx.core.graphics.BlendModeColorFilterCompat,4
androidx.exifinterface.media.ExifInterface,26
androidx.core.content.ContextCompat,371
androidx.appcompat.widget.Toolbar,311
androidx.core.app.NotificationCompat,262
androidx.appcompat.app.AlertDialog,302
androidx.appcompat.app.ActionBar,220
androidx.appcompat.app.AppCompatDelegate,169
androidx.annotation.ColorInt,114
androidx.annotation.AttrRes,46
androidx.recyclerview.widget.RecyclerView,304
androidx.recyclerview.widget.RecyclerView.ViewHolder,22
androidx.recyclerview.widget.SimpleItemAnimator,15
androidx.annotation.StringRes,152
androidx.core.view.ViewCompat,108
androidx.annotation.DrawableRes,130
androidx.core.graphics.drawable.DrawableCompat,98
androidx.annotation.WorkerThread,59
androidx.core.view.ViewPropertyAnimatorCompat,8
androidx.core.view.ViewPropertyAnimatorListener,9
androidx.preference.EditTextPreference,65
androidx.recyclerview.widget.ItemTouchHelper,97
androidx.navigation.NavDeepLinkBuilder,3
androidx.navigation.Navigation,23
androidx.fragment.app.Fragment,351
androidx.preference.PreferenceManager,182
androidx.preference.Preference,179
androidx.recyclerview.widget.LinearLayoutManager,276
androidx.preference.PreferenceFragmentCompat,218
androidx.recyclerview.widget.DefaultItemAnimator,32
androidx.preference.ListPreference,108
androidx.collection.LruCache,24
androidx.fragment.app.FragmentManager,242
androidx.fragment.app.FragmentTransaction,162
androidx.appcompat.widget.AppCompatImageButton,39
androidx.test.runner.AndroidJUnit4,69
androidx.test.InstrumentationRegistry,56
androidx.test.espresso.matcher.ViewMatchers.withText,43
androidx.fragment.app.DialogFragment,195
androidx.test.rule.ActivityTestRule,54
androidx.test.espresso.Espresso.onView,50
androidx.appcompat.view.ContextThemeWrapper,34
androidx.test.espresso.action.ViewActions.click,45
androidx.test.platform.app.InstrumentationRegistry,124
androidx.test.ext.junit.runners.AndroidJUnit4,138
androidx.swiperefreshlayout.widget.SwipeRefreshLayout,122
androidx.fragment.app.FragmentActivity,146
androidx.work.BackoffPolicy,9
androidx.lifecycle.LifecycleOwner,39
androidx.constraintlayout.widget.ConstraintLayout,69
androidx.work.Worker,32
androidx.work.PeriodicWorkRequest,26
androidx.work.WorkerParameters,35
androidx.preference.SeekBarPreference,17
androidx.viewpager.widget.PagerAdapter,93
androidx.recyclerview.widget.GridLayoutManager,98
androidx.appcompat.widget.SwitchCompat,76
androidx.multidex.MultiDex,25
androidx.localbroadcastmanager.content.LocalBroadcastManager,70
androidx.work.ExistingPeriodicWorkPolicy,24
androidx.appcompat.widget.PopupMenu,72
androidx.preference.MultiSelectListPreference,15
androidx.core.graphics.ColorUtils,38
androidx.lifecycle.ViewModelProvider,70
androidx.preference.SwitchPreference,27
androidx.annotation.RequiresApi,192
androidx.lifecycle.LiveData,79
androidx.work.ForegroundInfo,5
androidx.lifecycle.AndroidViewModel,51
androidx.lifecycle.ViewModelStoreOwner,3
androidx.preference.PreferenceScreen,51
androidx.work.Configuration,10
androidx.work.WorkManager,39
androidx.lifecycle.MutableLiveData,68
androidx.work.Constraints,27
androidx.appcompat.widget.TooltipCompat,17
androidx.core.text.HtmlCompat.FROM_HTML_MODE_LEGACY,4
androidx.recyclerview.widget.DividerItemDecoration,75
androidx.work.NetworkType,27
androidx.viewpager.widget.ViewPager,186
androidx.fragment.app.FragmentStatePagerAdapter,73
androidx.multidex.MultiDexApplication,54
androidx.appcompat.widget.SearchView,114
androidx.transition.TransitionManager,17
androidx.appcompat.app.ActionBarDrawerToggle,132
androidx.core.view.inputmethod.InputContentInfoCompat,14
androidx.drawerlayout.widget.DrawerLayout,167
androidx.browser.customtabs.CustomTabsIntent,41
androidx.annotation.DimenRes,38
androidx.core.app.ActivityOptionsCompat,24
androidx.appcompat.widget.AppCompatTextView,66
androidx.core.view.inputmethod.InputConnectionCompat,14
androidx.core.view.GravityCompat,130
androidx.core.view.inputmethod.EditorInfoCompat,15
androidx.coordinatorlayout.widget.CoordinatorLayout,98
androidx.constraintlayout.widget.ConstraintSet,16
androidx.annotation.CallSuper,49
androidx.cardview.widget.CardView,75
androidx.annotation.Px,15
androidx.appcompat.widget.AppCompatImageView,78
androidx.constraintlayout.widget.Group,13
androidx.transition.ChangeBounds,6
androidx.lifecycle.ViewModel,53
androidx.preference.PreferenceCategory,37
androidx.browser.customtabs.CustomTabsSession,7
androidx.browser.customtabs.CustomTabsServiceConnection,9
androidx.browser.customtabs.CustomTabsService,7
androidx.browser.customtabs.CustomTabsClient,9
androidx.lifecycle.Observer,47
androidx.arch.core.util.Function,13
androidx.lifecycle.Transformations,12
androidx.lifecycle.ViewModelProviders,28
androidx.fragment.app.FragmentPagerAdapter,98
androidx.preference.SwitchPreferenceCompat,48
androidx.preference.PreferenceViewHolder,45
androidx.core.view.accessibility.AccessibilityRecordCompat,2
androidx.core.view.accessibility.AccessibilityEventCompat,9
androidx.annotation.UiThread,32
androidx.core.view.MenuItemCompat,51
androidx.preference.PreferenceGroup,27
androidx.appcompat.widget.AppCompatRadioButton,10
androidx.core.os.ParcelableCompat,2
androidx.appcompat.widget.SearchView.OnQueryTextListener,7
androidx.core.os.ParcelableCompatCreatorCallbacks,2
androidx.core.view.MotionEventCompat,20
androidx.preference.PreferenceDialogFragmentCompat,32
androidx.core.view.ViewConfigurationCompat,6
androidx.core.content.pm.ShortcutManagerCompat,12
androidx.core.view.VelocityTrackerCompat,2
androidx.core.view.AccessibilityDelegateCompat,11
androidx.core.content.pm.ShortcutInfoCompat,13
androidx.preference.DialogPreference,38
androidx.core.graphics.drawable.IconCompat,27
androidx.core.view.accessibility.AccessibilityNodeInfoCompat,13
androidx.test.core.app.ApplicationProvider,38
androidx.test.filters.LargeTest,41
androidx.core.widget.EdgeEffectCompat,6
androidx.navigation.NavController,23
androidx.navigation.ui.NavigationUI,19
androidx.core.content.IntentCompat,1
androidx.fragment.app.ListFragment,47
androidx.appcompat.app.AlertDialog.Builder,19
androidx.loader.content.AsyncTaskLoader,29
androidx.core.app.NotificationCompat.BigTextStyle,5
androidx.core.app.NavUtils,60
androidx.test.espresso.matcher.ViewMatchers.isDisplayed,38
androidx.annotation.Keep,35
androidx.test.espresso.FailureHandler,4
androidx.test.espresso.ViewInteraction,27
androidx.test.espresso.matcher.ViewMatchers.isEnabled,12
androidx.webkit.WebViewFeature,10
androidx.test.internal.runner.junit4.AndroidJUnit4ClassRunner,8
androidx.test.espresso.matcher.ViewMatchers.withContentDescription,21
androidx.appcompat.view.ActionMode,48
androidx.webkit.WebSettingsCompat,10
androidx.test.rule.GrantPermissionRule,20
androidx.test.espresso.matcher.ViewMatchers.withId,49
androidx.test.espresso.assertion.ViewAssertions.matches,40
androidx.annotation.FontRes,4
androidx.core.os.EnvironmentCompat,4
androidx.annotation.IdRes,74
androidx.core.app.JobIntentService,24
androidx.databinding.DataBindingUtil,27
androidx.core.app.TaskStackBuilder,46
androidx.collection.LongSparseArray,25
androidx.loader.app.LoaderManager.LoaderCallbacks,9
androidx.preference.EditTextPreferenceDialogFragmentCompat,4
androidx.test.espresso.Espresso.onIdle,1
androidx.test.espresso.matcher.ViewMatchers.hasFocus,3
androidx.test.espresso.action.Tap,5
androidx.test.espresso.action.ViewActions.scrollTo,16
androidx.test.espresso.Espresso.closeSoftKeyboard,3
androidx.test.espresso.intent.matcher.IntentMatchers.hasAction,5
androidx.test.espresso.matcher.ViewMatchers.hasChildCount,1
androidx.test.espresso.UiController,29
androidx.test.espresso.action.ViewActions.swipeRight,3
androidx.test.espresso.matcher.ViewMatchers.hasDescendant,14
androidx.test.espresso.action.ViewActions.swipeLeft,8
androidx.test.espresso.matcher.ViewMatchers.withChild,3
androidx.test.espresso.matcher.RootMatchers.isFocusable,1
androidx.test.espresso.matcher.RootMatchers.isPlatformPopup,3
androidx.test.espresso.matcher.ViewMatchers.withParent,8
androidx.test.espresso.NoMatchingViewException,17
androidx.test.espresso.action.ViewActions.clearText,6
androidx.test.espresso.matcher.BoundedMatcher,15
androidx.appcompat.widget.ActionBarContextView,1
androidx.test.runner.screenshot.BasicScreenCaptureProcessor,2
androidx.test.espresso.assertion.ViewAssertions.doesNotExist,13
androidx.test.espresso.matcher.ViewMatchers.withClassName,13
androidx.test.platform.app.InstrumentationRegistry.getInstrumentation,15
androidx.test.espresso.PerformException,14
androidx.test.espresso.matcher.ViewMatchers.isSelected,2
androidx.room.Room,69
androidx.test.espresso.IdlingResource,12
androidx.test.espresso.Espresso.pressBack,11
androidx.test.runner.screenshot.ScreenCaptureProcessor,2
androidx.test.espresso.contrib.RecyclerViewActions.scrollTo,1
androidx.room.testing.MigrationTestHelper,8
androidx.test.espresso.intent.Intents.intended,12
androidx.sqlite.db.SupportSQLiteDatabase,39
androidx.test.espresso.action.GeneralClickAction,3
androidx.sqlite.db.framework.FrameworkSQLiteOpenHelperFactory,11
androidx.test.runner.lifecycle.Stage,8
androidx.test.espresso.matcher.ViewMatchers.hasSibling,2
androidx.test.espresso.action.Press,7
androidx.test.espresso.matcher.ViewMatchers.isCompletelyDisplayed,3
androidx.test.espresso.matcher.ViewMatchers.isAssignableFrom,8
androidx.test.espresso.intent.matcher.IntentMatchers.hasExtra,2
androidx.test.espresso.action.ViewActions.typeText,17
androidx.test.espresso.intent.rule.IntentsTestRule,13
androidx.test.espresso.NoMatchingRootException,3
androidx.test.espresso.action.ViewActions.closeSoftKeyboard,15
androidx.test.runner.screenshot.ScreenCapture,2
androidx.test.espresso.action.ViewActions.pressKey,3
androidx.test.espresso.ViewAction,29
androidx.test.espresso.action.GeneralLocation,6
androidx.test.espresso.matcher.ViewMatchers.isChecked,7
androidx.test.uiautomator.UiDevice,15
androidx.test.espresso.IdlingRegistry,8
androidx.test.runner.lifecycle.ActivityLifecycleMonitorRegistry,12
androidx.test.espresso.action.ViewActions.pressImeActionButton,2
androidx.test.espresso.matcher.ViewMatchers.isDescendantOfA,9
androidx.test.espresso.action.ViewActions.swipeDown,5
androidx.test.espresso.matcher.ViewMatchers.isNotChecked,3
androidx.test.espresso.matcher.ViewMatchers.withResourceName,1
androidx.appcompat.widget.AppCompatEditText,60
androidx.test.uiautomator.UiSelector,10
androidx.annotation.Dimension,6
androidx.arch.core.executor.testing.InstantTaskExecutorRule,9
androidx.test.espresso.action.ViewActions.replaceText,15
androidx.test.espresso.util.TreeIterables,8
androidx.test.espresso.action.ViewActions.longClick,16
androidx.test.filters.SdkSuppress,8
androidx.appcompat.widget.AppCompatDrawableManager,6
androidx.test.espresso.matcher.ViewMatchers.isClickable,2
androidx.test.espresso.util.HumanReadables,12
androidx.test.uiautomator.UiObject,10
androidx.core.util.Pair,58
androidx.test.rule.ServiceTestRule,5
androidx.test.espresso.matcher.ViewMatchers.isRoot,19
androidx.annotation.CheckResult,19
androidx.test.espresso.matcher.RootMatchers.isDialog,4
androidx.test.filters.FlakyTest,4
androidx.test.espresso.action.ViewActions,12
androidx.core.content.PermissionChecker,5
androidx.core.view.WindowInsetsCompat,11
androidx.appcompat.widget.ListPopupWindow,10
androidx.core.widget.NestedScrollView,40
androidx.vectordrawable.graphics.drawable.AnimatedVectorDrawableCompat,10
androidx.annotation.ColorRes,57
androidx.room.Insert,65
androidx.navigation.NavDirections,4
androidx.room.Query,65
androidx.appcompat.content.res.AppCompatResources,49
androidx.room.Database,55
androidx.core.text.HtmlCompat,27
androidx.room.Dao,65
androidx.databinding.BindingAdapter,12
androidx.navigation.fragment.NavHostFragment,11
androidx.room.RoomDatabase,66
androidx.room.OnConflictStrategy,37
androidx.annotation.IntRange,26
androidx.annotation.PluralsRes,14
androidx.work.WorkRequest,6
androidx.appcompat.widget.AppCompatCheckBox,33
androidx.work.WorkInfo,12
androidx.appcompat.widget.AppCompatButton,40
androidx.slidingpanelayout.widget.SlidingPaneLayout,3
androidx.fragment.app.FragmentContainerView,1
androidx.room.Transaction,13
androidx.annotation.IntDef,59
androidx.recyclerview.widget.StaggeredGridLayoutManager,24
androidx.room.Entity,63
androidx.room.Relation,4
androidx.annotation.StyleRes,48
androidx.annotation.MainThread,28
androidx.lifecycle.DefaultLifecycleObserver,6
androidx.room.Embedded,6
androidx.room.ColumnInfo,43
androidx.annotation.ArrayRes,18
androidx.room.ForeignKey,22
androidx.appcompat.widget.LinearLayoutCompat,17
androidx.core.util.Consumer,18
androidx.lifecycle.Lifecycle,29
androidx.room.Index,24
androidx.annotation.GuardedBy,7
androidx.appcompat.view.menu.MenuBuilder,20
androidx.print.PrintHelper,2
androidx.palette.graphics.Palette,23
androidx.recyclerview.widget.RecyclerView.OnScrollListener,7
androidx.test.core.app.ActivityScenario,10
androidx.preference.Preference.BaseSavedState,2
androidx.annotation.VisibleForTesting,55
androidx.legacy.app.ActionBarDrawerToggle,3
androidx.room.TypeConverters,26
androidx.room.Delete,43
androidx.room.migration.Migration,30
androidx.room.Update,37
androidx.test.filters.SmallTest,18
androidx.annotation.RestrictTo,19
androidx.room.PrimaryKey,58
androidx.test.core.app.ActivityScenario.launch,1
androidx.room.TypeConverter,22
androidx.test.InstrumentationRegistry.getTargetContext,5
androidx.core.view.GestureDetectorCompat,21
androidx.constraintlayout.motion.widget.MotionLayout,3
androidx.interpolator.view.animation.FastOutSlowInInterpolator,19
androidx.biometric.BiometricManager,5
androidx.appcompat.app.AppCompatDialog,14
androidx.biometric.BiometricPrompt,10
androidx.core.os.CancellationSignal,8
androidx.test.runner.AndroidJUnitRunner,7
androidx.lifecycle.LifecycleRegistry,3
androidx.databinding.BindingConversion,2
androidx.core.view.ViewGroupCompat,2
androidx.customview.widget.ViewDragHelper,17
androidx.room.Ignore,31
androidx.lifecycle.LifecycleService,5
androidx.room.ForeignKey.SET_DEFAULT,1
androidx.appcompat.app.AppCompatDelegate.MODE_NIGHT_YES,5
androidx.room.ForeignKey.CASCADE,10
androidx.preference.PreferenceManager.getDefaultSharedPreferences,6
androidx.recyclerview.widget.DiffUtil,55
androidx.room.OnConflictStrategy.REPLACE,3
androidx.room.OnConflictStrategy.IGNORE,2
androidx.core.content.res.TypedArrayUtils,5
androidx.preference.CheckBoxPreference,50
androidx.core.app.Person,14
androidx.core.graphics.drawable.DrawableKt,1
androidx.core.widget.ImageViewCompat,8
androidx.core.graphics.drawable.RoundedBitmapDrawableFactory,10
androidx.core.graphics.drawable.RoundedBitmapDrawable,10
androidx.recyclerview.widget.PagerSnapHelper,2
androidx.recyclerview.widget.SnapHelper,1
androidx.navigation.NavDestination,4
androidx.sqlite.db.SupportSQLiteQuery,7
androidx.room.RawQuery,3
androidx.core.app.NotificationCompat.Builder,15
androidx.core.app.RemoteInput,19
androidx.core.view.WindowCompat,3
androidx.core.widget.TextViewCompat,26
androidx.core.os.ConfigurationCompat,8
androidx.core.os.BuildCompat,3
androidx.core.util.Pools,4
androidx.recyclerview.widget.LinearSmoothScroller,16
androidx.lifecycle.OnLifecycleEvent,8
androidx.lifecycle.LifecycleObserver,9
androidx.test.ext.junit.rules.ActivityScenarioRule,10
androidx.test.espresso.Espresso.onData,16
androidx.test.espresso.ViewAssertion,12
androidx.viewpager2.adapter.FragmentStateAdapter,31
androidx.annotation.*,3
androidx.preference.PreferenceDataStore,8
androidx.recyclerview.widget.*,2
androidx.viewpager2.widget.ViewPager2,31
androidx.annotation.MenuRes,22
androidx.recyclerview.widget.ListUpdateCallback,9
androidx.fragment.app.*,2
androidx.vectordrawable.graphics.drawable.VectorDrawableCompat,22
androidx.interpolator.view.animation.LinearOutSlowInInterpolator,5
androidx.leanback.preference.LeanbackPreferenceFragmentCompat,1
androidx.preference.EditTextPreference.OnBindEditTextListener,1
androidx.preference.Preference.OnPreferenceClickListener,10
androidx.appcompat.view.menu.MenuItemImpl,4
androidx.appcompat.view.ActionMode.Callback,3
androidx.leanback.preference.LeanbackSettingsFragmentCompat,1
androidx.preference.*,2
androidx.interpolator.view.animation.FastOutLinearInInterpolator,5
androidx.collection.ArrayMap,18
androidx.appcompat.graphics.drawable.DrawerArrowDrawable,4
androidx.annotation.AnyThread,16
androidx.transition.Transition,9
androidx.preference.Preference.OnPreferenceChangeListener,10
androidx.appcompat.view.menu.SubMenuBuilder,5
androidx.appcompat.widget.ActionMenuView,18
androidx.appcompat.view.menu.*,1
androidx.appcompat.app.AppCompatDelegate.MODE_NIGHT_FOLLOW_SYSTEM,4
androidx.appcompat.app.AppCompatDelegate.MODE_NIGHT_NO,4
androidx.appcompat.widget.AppCompatSpinner,20
androidx.recyclerview.widget.ItemTouchHelper.SimpleCallback,5
androidx.core.widget.ContentLoadingProgressBar,4
androidx.appcompat.widget.ListPopupWindow.MATCH_PARENT,1
androidx.collection.SparseArrayCompat,11
androidx.core.view.GravityCompat.END,1
androidx.core.view.GravityCompat.START,2
androidx.appcompat.widget.ListPopupWindow.WRAP_CONTENT,1
androidx.core.app.ShareCompat,16
androidx.preference.PreferenceGroupAdapter,8
androidx.appcompat.widget.AppCompatAutoCompleteTextView,10
androidx.media.app.NotificationCompat.MediaStyle,10
androidx.preference.TwoStatePreference,14
androidx.annotation.FloatRange,21
androidx.viewpager.widget.ViewPager.OnPageChangeListener,16
androidx.activity.result.contract.ActivityResultContracts.StartActivityForResult,5
androidx.activity.result.ActivityResult,8
androidx.preference.DropDownPreference,1
androidx.activity.result.ActivityResultLauncher,23
androidx.activity.result.contract.ActivityResultContracts.RequestPermission,3
androidx.annotation.RequiresPermission,13
androidx.databinding.InverseMethod,1
androidx.databinding.ObservableLong,1
androidx.databinding.InverseBindingListener,3
androidx.databinding.InverseBindingAdapter,3
androidx.work.OneTimeWorkRequest,22
androidx.databinding.ObservableFloat,1
androidx.work.ExistingWorkPolicy,15
androidx.databinding.ObservableBoolean,5
androidx.databinding.ObservableField,7
androidx.test.espresso.matcher.RootMatchers,2
androidx.test.espresso.contrib.PickerActions,1
androidx.test.espresso.matcher.ViewMatchers,14
androidx.viewbinding.ViewBinding,7
androidx.fragment.app.FragmentFactory,3
androidx.test.espresso.contrib.ViewPagerActions,1
androidx.annotation.XmlRes,11
androidx.fragment.app.testing.FragmentScenario,2
androidx.test.espresso.Espresso,18
androidx.annotation.RawRes,13
androidx.test.espresso.assertion.ViewAssertions,5
androidx.work.impl.WorkManagerImpl,1
androidx.work.WorkContinuation,1
androidx.work.Data,14
androidx.sqlite.db.SupportSQLiteStatement,4
androidx.sqlite.db.SupportSQLiteOpenHelper,6
androidx.sqlite.db.SupportSQLiteProgram,2
androidx.sqlite.db.SimpleSQLiteQuery,3
androidx.test.espresso.AmbiguousViewMatcherException,1
androidx.test.espresso.contrib.RecyclerViewActions,11
androidx.test.espresso.DataInteraction,7
androidx.lifecycle.MediatorLiveData,13
androidx.activity.result.ActivityResultCallback,6
androidx.appcompat.view.SupportMenuInflater,5
androidx.activity.result.contract.ActivityResultContract,7
androidx.core.view.NestedScrollingChildHelper,15
androidx.appcompat.widget.AppCompatMultiAutoCompleteTextView,3
androidx.activity.result.contract.ActivityResultContracts,19
androidx.core.view.NestedScrollingChild2,5
androidx.core.util.ObjectsCompat,8
androidx.appcompat.view.menu.MenuPopupHelper,9
androidx.appcompat.graphics.drawable.DrawableWrapper,2
androidx.browser.customtabs.CustomTabColorSchemeParams,9
androidx.collection.ArraySet,16
androidx.test.espresso.intent.matcher.ComponentNameMatchers.hasClassName,2
androidx.test.espresso.matcher.RootMatchers.withDecorView,1
androidx.test.espresso.Espresso.openActionBarOverflowOrOptionsMenu,12
androidx.test.core.app.ApplicationProvider.getApplicationContext,5
androidx.test.espresso.intent.matcher.IntentMatchers.hasComponent,10
androidx.test.espresso.intent.matcher.IntentMatchers.hasData,2
androidx.activity.OnBackPressedCallback,9
androidx.test.annotation.UiThreadTest,6
androidx.test.InstrumentationRegistry.getInstrumentation,11
androidx.test.espresso.matcher.ViewMatchers.*,1
androidx.viewpager.widget.ViewPager.SCROLL_STATE_IDLE,1
androidx.lifecycle.LifecycleEventObserver,1
androidx.annotation.StyleableRes,5
androidx.appcompat.app.ActionBar.Tab,1
androidx.core.content.pm.PackageInfoCompat,4
androidx.recyclerview.widget.RecyclerView.Adapter,10
androidx.activity.result.contract.ActivityResultContracts.OpenDocument,2
androidx.media.session.MediaButtonReceiver,9
androidx.navigation.ui.AppBarConfiguration,13
androidx.test.runner.lifecycle.Stage.RESUMED,7
androidx.browser.customtabs.CustomTabsIntent.COLOR_SCHEME_DARK,1
androidx.drawerlayout.widget.ClosableDrawerLayout,1
androidx.lifecycle.Lifecycle.State.STARTED,3
androidx.annotation.VisibleForTesting.*,1
androidx.webkit.WebViewCompat,1
androidx.browser.customtabs.CustomTabsIntent.COLOR_SCHEME_SYSTEM,1
androidx.core.content.ContextCompat.getSystemService,3
androidx.webkit.WebViewAssetLoader,1
androidx.annotation.StringDef,14
androidx.core.content.ContentResolverCompat,1
androidx.core.view.ActionProvider,3
androidx.browser.customtabs.CustomTabsIntent.COLOR_SCHEME_LIGHT,1
androidx.test.espresso.contrib.NavigationViewActions,4
androidx.core.text.TextDirectionHeuristicsCompat,2
androidx.lifecycle.ServiceLifecycleDispatcher,1
androidx.customview.view.AbsSavedState,14
androidx.core.view.NestedScrollingChild,10
androidx.core.widget.CompoundButtonCompat,12
androidx.recyclerview.widget.LinearSnapHelper,3
androidx.appcompat.app.AppCompatDelegate.setDefaultNightMode,4
androidx.appcompat.widget.AppCompatSeekBar,10
androidx.core.content.PermissionChecker.checkSelfPermission,3
androidx.security.crypto.EncryptedSharedPreferences.PrefKeyEncryptionScheme.AES256_SIV,1
androidx.core.content.FileProvider.getUriForFile,3
androidx.security.crypto.MasterKey,3
androidx.security.crypto.MasterKey.DEFAULT_MASTER_KEY_ALIAS,1
androidx.core.content.PermissionChecker.PERMISSION_GRANTED,3
androidx.security.crypto.EncryptedSharedPreferences.PrefValueEncryptionScheme.AES256_GCM,1
androidx.exifinterface.media.ExifInterface.ORIENTATION_ROTATE_90,2
androidx.exifinterface.media.ExifInterface.ORIENTATION_ROTATE_180,1
androidx.core.content.ContextCompat.getColor,3
androidx.appcompat.widget.TooltipCompat.setTooltipText,1
androidx.security.crypto.EncryptedSharedPreferences,4
androidx.core.text.HtmlCompat.FROM_HTML_MODE_COMPACT,1
androidx.core.text.HtmlCompat.fromHtml,1
androidx.exifinterface.media.ExifInterface.ORIENTATION_ROTATE_270,2
androidx.test.espresso.matcher.ViewMatchers.assertThat,5
androidx.test.espresso.intent.matcher.IntentMatchers.toPackage,2
androidx.test.espresso.intent.Intents.intending,5
androidx.core.util.Preconditions.checkNotNull,6
androidx.work.ListenableWorker,4
androidx.core.view.NestedScrollingParent3,5
androidx.recyclerview.widget.ListAdapter,28
androidx.core.view.NestedScrollingParent2,2
androidx.work.impl.utils.futures.SettableFuture,1
androidx.annotation.Size,6
androidx.annotation.AnyRes,5
androidx.appcompat.view.menu.ActionMenuItemView,9
androidx.activity.ComponentActivity,3
androidx.core.graphics.PaintCompat,2
androidx.annotation.BoolRes,9
androidx.annotation.IntegerRes,9
androidx.test.core.view.MotionEventBuilder,1
androidx.navigation.NavOptions,3
androidx.preference.PreferenceFragmentCompat.OnPreferenceStartFragmentCallback,5
androidx.core.view.MenuCompat,9
androidx.webkit.WebViewClientCompat,3
androidx.activity.result.contract.ActivityResultContracts.CreateDocument,2
androidx.recyclerview.widget.DiffUtil.ItemCallback,3
androidx.coordinatorlayout.widget.CoordinatorLayout.LayoutParams,3
androidx.appcompat.app.AppCompatDialogFragment,17
androidx.security.crypto.MasterKey.KeyScheme,1
androidx.preference.MultiSelectListPreferenceDialogFragmentCompat,2
androidx.security.crypto.EncryptedSharedPreferences.PrefValueEncryptionScheme,1
androidx.security.crypto.EncryptedSharedPreferences.PrefKeyEncryptionScheme,1
androidx.core.view.ScaleGestureDetectorCompat,1
androidx.databinding.Bindable,6
androidx.databinding.BaseObservable,7
androidx.cursoradapter.widget.SimpleCursorAdapter,12
androidx.core.content.ContextCompat.startActivity,1
androidx.core.app.Fragment,1
androidx.appcompat.widget.RecyclerView,1
androidx.test.espresso.action.ViewActions.typeTextIntoFocusedView,3
androidx.recyclerview.widget.RecyclerView.ItemDecoration,5
androidx.test.espresso.web.webdriver.DriverAtoms.webClick,2
androidx.test.espresso.contrib.DrawerActions,7
androidx.test.espresso.web.webdriver.DriverAtoms,2
androidx.test.espresso.matcher.PreferenceMatchers,2
androidx.core.net.ConnectivityManagerCompat,13
androidx.test.espresso.web.webdriver.DriverAtoms.findElement,2
androidx.test.espresso.web.webdriver.Locator,2
androidx.test.uiautomator.UiObjectNotFoundException,7
androidx.core.util.Supplier,3
androidx.test.espresso.web.sugar.Web.onWebView,2
androidx.emoji.text.EmojiCompat,8
androidx.emoji.widget.EmojiTextView,1
androidx.core.util.PatternsCompat,4
androidx.emoji.widget.EmojiEditTextHelper,1
androidx.test.filters.MediumTest,7
androidx.core.app.NotificationCompat.BADGE_ICON_SMALL,1
androidx.test.InstrumentationRegistry.getContext,2
androidx.databinding.ObservableInt,3
androidx.recyclerview.widget.ItemTouchHelper.START,1
androidx.annotation.RestrictTo.Scope.LIBRARY,4
androidx.databinding.ObservableList,2
androidx.lifecycle.SavedStateHandle,4
androidx.databinding.Observable,5
androidx.core.os.HandlerCompat,1
androidx.core.app.NotificationCompat.CATEGORY_STATUS,1
androidx.recyclerview.widget.ItemTouchHelper.END,1
androidx.databinding.CallbackRegistry,1
androidx.lifecycle.Transformations.map,4
androidx.core.hardware.fingerprint.FingerprintManagerCompat,6
androidx.core.view.LayoutInflaterCompat,2
androidx.activity.result.contract.ActivityResultContracts.OpenDocumentTree,1
androidx.legacy.app.FragmentStatePagerAdapter,1
androidx.appcompat.widget.ShareActionProvider,7
androidx.annotation.AnimRes,7
androidx.transition.Fade,3
androidx.core.util.Predicate,2
androidx.media.MediaBrowserServiceCompat,5
androidx.paging.PageKeyedDataSource,3
androidx.paging.PagedListAdapter,10
androidx.paging.PagedList,13
androidx.paging.LivePagedListBuilder,13
androidx.paging.DataSource,13
androidx.paging.PositionalDataSource,4
androidx.room.RoomWarnings,4
androidx.swiperefreshlayout.widget.CircularProgressDrawable,4
androidx.core.app.AlarmManagerCompat,5
androidx.recyclerview.widget.RecyclerView.*,1
androidx.databinding.ViewDataBinding,3
androidx.appcompat.text.AllCapsTransformationMethod,4
androidx.appcompat.view.menu.MenuPresenter,5
androidx.appcompat.widget.TintTypedArray,2
androidx.slidingpanelayout.widget.SlidingPaneLayout.PanelSlideListener,1
androidx.appcompat.view.menu.MenuView,1
androidx.percentlayout.widget.PercentRelativeLayout,1
androidx.collection.SimpleArrayMap,1
androidx.test.espresso.matcher.ViewMatchers.withHint,5
androidx.test.espresso.contrib.RecyclerViewActions.actionOnItemAtPosition,6
androidx.test.uiautomator.By,4
androidx.vectordrawable.graphics.drawable.ArgbEvaluator,1
androidx.work.testing.WorkManagerTestInitHelper.initializeTestWorkManager,1
androidx.test.uiautomator.Until,4
androidx.test.uiautomator.UiObject2,3
androidx.databinding.library.baseAdapters.BR,3
androidx.recyclerview.selection.ItemKeyProvider,9
androidx.recyclerview.selection.StorageStrategy,10
androidx.recyclerview.selection.MutableSelection,3
androidx.recyclerview.selection.SelectionPredicates,3
androidx.recyclerview.selection.ItemDetailsLookup,10
androidx.recyclerview.selection.SelectionTracker,10
androidx.core.view.NestedScrollingParentHelper,5
androidx.core.view.NestedScrollingParent,5
androidx.biometric.BiometricConstants,1
androidx.preference.FontManager,1
androidx.preference.FilePreference,1
androidx.preference.FontManagerKt.IMPORT_FONTS_REQUEST_CODE,1
androidx.preference.PrivateKeyPickerPreference,1
androidx.preference.ThemeManager,1
androidx.preference.ThemeManagerKt.IMPORT_THEMES_REQUEST_CODE,1
androidx.preference.RingtonePreferenceFix,1
androidx.preference.DialogFragmentGetter,1
androidx.customview.widget.ExploreByTouchHelper,7
androidx.preference.PreferenceViewHolder ,1
androidx.recyclerview.widget.LinearLayoutManager ,1
androidx.appcompat.app.AppCompatDelegate ,1
androidx.appcompat.app.AlertDialog ,1
androidx.preference.ListPreference ,1
androidx.recyclerview.widget.ItemTouchHelper ,1
androidx.recyclerview.widget.RecyclerView ,1
androidx.appcompat.app.AppCompatActivity ,1
androidx.core.content.res.ResourcesCompat ,1
androidx.recyclerview.widget.GridLayoutManager ,1
androidx.preference.PreferenceFragmentCompat ,1
androidx.core.graphics.drawable.DrawableCompat ,1
androidx.preference.Preference ,1
androidx.appcompat.app.AppCompatDialog ,1
androidx.core.view.GestureDetectorCompat ,1
androidx.core.app.NotificationCompat ,1
androidx.preference.PreferenceManager ,1
androidx.annotation.NonNull ,1
androidx.core.content.ContextCompat ,1
androidx.core.view.NestedScrollingChild3,3
androidx.core.app.SharedElementCallback,4
androidx.core.math.MathUtils,6
androidx.viewpager2.widget.MarginPageTransformer,1
androidx.core.app.NotificationCompat.PRIORITY_MIN,5
androidx.core.app.NotificationCompat.PRIORITY_LOW,5
androidx.annotation.RestrictTo.Scope,1
androidx.core.role.RoleManagerCompat.ROLE_SMS,1
androidx.preference.PreferenceFragmentCompat.ARG_PREFERENCE_ROOT,1
androidx.lifecycle.ProcessLifecycleOwner,6
androidx.asynclayoutinflater.view.AsyncLayoutInflater,3
androidx.media.VolumeProviderCompat,5
androidx.core.text.BidiFormatter,2
androidx.vectordrawable.graphics.drawable.Animatable2Compat,4
androidx.test.uiautomator.BySelector,2
androidx.test.uiautomator.Configurator,1
androidx.lifecycle.Lifecycle.State,1
androidx.test.uiautomator.UiScrollable,1
androidx.core.util.Pools.SimplePool,1
androidx.test.uiautomator.UiObject2Condition,1
androidx.viewpager.widget.PagerTabStrip,3
androidx.appcompat.widget.ActionMenuView.OnMenuItemClickListener,1
androidx.test.uiautomator.EventCondition,1
androidx.test.uiautomator.SearchCondition,1
androidx.test.espresso.matcher.ViewMatchers.hasMinimumChildCount,2
androidx.test.espresso.IdlingPolicies,4
androidx.test.espresso.action.ViewActions.swipeUp,6
androidx.test.espresso.accessibility.AccessibilityChecks,1
androidx.mediarouter.app.MediaRouteControllerDialogFragment,1
androidx.mediarouter.app.MediaRouteDialogFactory,1
androidx.core.view.MarginLayoutParamsCompat,3
androidx.viewpager2.widget.ViewPager2.ORIENTATION_VERTICAL,1
androidx.core.text.TextUtilsCompat,8
androidx.core.app.SafeJobIntentService,1
androidx.media.AudioManagerCompat,6
androidx.mediarouter.media.MediaRouter,3
androidx.test.espresso.contrib.ActivityResultMatchers.hasResultCode,1
androidx.media.AudioAttributesCompat,3
androidx.mediarouter.app.MediaRouteChooserDialogFragment,1
androidx.mediarouter.app.MediaRouteControllerDialog,1
androidx.media.AudioFocusRequestCompat,5
androidx.viewpager2.widget.ViewPager2.ORIENTATION_HORIZONTAL,2
androidx.documentfile.provider.AssetsDocumentFile,1
androidx.mediarouter.app.MediaRouteActionProvider,1
androidx.test.espresso.action.MotionEvents,4
androidx.cursoradapter.widget.ResourceCursorAdapter,2
androidx.recyclerview.widget.SortedList.INVALID_POSITION,2
androidx.recyclerview.widget.RecyclerView.HORIZONTAL,1
androidx.core.graphics.drawable.IconCompat.createWithResource,1
androidx.core.content.pm.ShortcutManagerCompat.isRequestPinShortcutSupported,2
androidx.core.content.pm.ShortcutManagerCompat.requestPinShortcut,1
androidx.recyclerview.widget.SortedList,8
androidx.core.app.ComponentActivity,1
androidx.core.content.ContextCompat.checkSelfPermission,4
androidx.appcompat.widget.ThemedSpinnerAdapter,2
androidx.test.espresso.matcher.ViewMatchers.hasErrorText,1
androidx.test.espresso.matcher.ViewMatchers.withEffectiveVisibility,8
androidx.annotation.VisibleForTesting.PROTECTED,1
androidx.test.InstrumentationRegistry.registerInstance,1
androidx.core.provider.FontRequest,5
androidx.emoji.bundled.BundledEmojiCompatConfig,6
androidx.emoji.text.FontRequestEmojiCompatConfig,5
androidx.emoji.widget.EmojiAppCompatEditText,5
androidx.core.app.NotificationCompat.BigPictureStyle,6
androidx.recyclerview.widget.AdapterListUpdateCallback,4
androidx.security.crypto.MasterKeys,1
androidx.legacy.app.FragmentCompat,1
androidx.dynamicanimation.animation.SpringAnimation,4
androidx.dynamicanimation.animation.SpringForce,4
androidx.dynamicanimation.animation.DynamicAnimation,3
androidx.room.util.FileUtil,1
androidx.core.app.NotificationCompat.DEFAULT_LIGHTS,1
androidx.recyclerview.widget.RecyclerView.AdapterDataObserver,5
androidx.fragment.app.FragmentResultListener,2
androidx.core.net.MailTo,1
androidx.recyclerview.selection.Shared.DEBUG,1
androidx.webkit.WebSettingsCompat.FORCE_DARK_ON,1
androidx.recyclerview.widget.RecyclerView.OnChildAttachStateChangeListener,2
androidx.core.app.NotificationCompat.DEFAULT_SOUND,1
androidx.recyclerview.widget.FastScrollerEx,1
androidx.recyclerview.selection.SelectionTracker.SelectionPredicate,1
androidx.room.DatabaseConfiguration,1
androidx.constraintlayout.helper.widget.Flow,1
androidx.room.DatabaseView,1
androidx.webkit.WebSettingsCompat.FORCE_DARK_OFF,1
androidx.room.util.DBUtil,1
androidx.room.util.SneakyThrow,1
androidx.room.paging.LimitOffsetDataSource,1
androidx.annotation.VisibleForTesting.PACKAGE_PRIVATE,1
androidx.drawerlayout.widget.DrawerLayout.LOCK_MODE_UNLOCKED,1
androidx.lifecycle.ComputableLiveData,1
androidx.core.util.Preconditions.checkArgument,1
androidx.core.util.Preconditions.checkState,1
androidx.recyclerview.widget.RecyclerView.NO_POSITION,7
androidx.paging.AsyncPagedListDiffer,1
androidx.recyclerview.widget.RecyclerView.OnItemTouchListener,5
androidx.recyclerview.widget.AsyncDifferConfig,3
androidx.room.InvalidationTracker,1
androidx.browser.customtabs.CustomTabsService.ACTION_CUSTOM_TABS_CONNECTION,1
androidx.recyclerview.selection.Selection,6
androidx.recyclerview.selection.Shared.VERBOSE,1
androidx.recyclerview.selection.SelectionTracker.SelectionObserver,2
androidx.recyclerview.selection.ItemDetailsLookup.ItemDetails,1
androidx.drawerlayout.widget.DrawerLayout.LOCK_MODE_LOCKED_OPEN,1
androidx.arch.core.executor.ArchTaskExecutor,1
androidx.recyclerview.selection.Range.RangeType,1
androidx.arch.core.internal.SafeIterableMap,1
androidx.lifecycle.Lifecycle.State.DESTROYED,2
androidx.core.text.HtmlCompat.TO_HTML_PARAGRAPH_LINES_INDIVIDUAL,1
androidx.annotation.RequiresOptIn,1
androidx.room.RoomSQLiteQuery,1
androidx.room.ForeignKey.SET_NULL,2
androidx.room.util.CopyLock,1
androidx.core.os.OperationCanceledException,4
androidx.recyclerview.widget.ItemTouchHelper.RIGHT,5
androidx.recyclerview.widget.ItemTouchHelper.LEFT,5
androidx.exifinterface.media.ExifInterface.TAG_ARTIST,1
androidx.exifinterface.media.ExifInterface.TAG_LENS_MAKE,1
androidx.exifinterface.media.ExifInterface.TAG_LENS_SERIAL_NUMBER,1
androidx.core.app.NotificationCompat.PRIORITY_HIGH,2
androidx.exifinterface.media.ExifInterface.TAG_COPYRIGHT,1
androidx.recyclerview.widget.MergeAdapter,1
androidx.exifinterface.media.ExifInterface.TAG_CAMERA_OWNER_NAME,1
androidx.exifinterface.media.ExifInterface.TAG_GPS_ALTITUDE,1
androidx.exifinterface.media.ExifInterface.TAG_BODY_SERIAL_NUMBER,1
androidx.core.view.ScrollingView,4
androidx.fragment.app.FragmentManager.OnBackStackChangedListener,2
androidx.exifinterface.media.ExifInterface.TAG_GPS_LONGITUDE,1
androidx.exifinterface.media.ExifInterface.TAG_GPS_LATITUDE,1
androidx.exifinterface.media.ExifInterface.TAG_GPS_LONGITUDE_REF,1
androidx.paging.DataSource.Factory,1
androidx.exifinterface.media.ExifInterface.TAG_LENS_SPECIFICATION,1
androidx.recyclerview.widget.RecyclerView.ItemAnimator,1
androidx.exifinterface.media.ExifInterface.TAG_GPS_ALTITUDE_REF,1
androidx.exifinterface.media.ExifInterface.TAG_GPS_LATITUDE_REF,1
androidx.exifinterface.media.ExifInterface.TAG_MAKE,1
androidx.exifinterface.media.ExifInterface.TAG_SOFTWARE,1
androidx.exifinterface.media.ExifInterface.TAG_MODEL,1
androidx.core.app.NotificationCompat.DEFAULT_ALL,1
androidx.exifinterface.media.ExifInterface.TAG_LENS_MODEL,1
androidx.concurrent.futures.ResolvableFuture,1
androidx.transition.Scene,4
androidx.navigation.fragment.FragmentNavigator,3
androidx.constraintlayout.widget.Guideline,5
androidx.transition.TransitionSet,3
androidx.transition.TransitionInflater,3
androidx.emoji.text.EmojiSpan,2
androidx.core.text.util.LinkifyCompat,6
androidx.mediarouter.media.MediaRouteSelector,2
androidx.room.*,2
androidx.core.app.ActivityManagerCompat,1
androidx.recyclerview.widget.SortedListAdapterCallback,3
androidx.appcompat.view.menu.ListMenuItemView,1
androidx.preference.PreferenceFragmentCompat.*,1
androidx.appcompat.widget.ToolbarWidgetWrapper,1
androidx.appcompat.view.menu.BaseMenuPresenter,1
androidx.appcompat.view.menu.ShowableListMenu,1
androidx.appcompat.app.WindowDecorActionBar,1
androidx.core.graphics.ColorUtils.RGBToXYZ,1
androidx.camera.core.CameraX,1
androidx.camera.lifecycle.ProcessCameraProvider,2
androidx.camera.view.PreviewView,1
androidx.camera.core.Camera,2
androidx.camera.core.CameraSelector,2
androidx.core.view.OnApplyWindowInsetsListener,2
androidx.camera.core.Preview,2
androidx.appcompat.widget.AppCompatCheckedTextView,5
androidx.recyclerview.widget.ItemTouchUIUtil,1
androidx.test.filters.Suppress,1
androidx.test.runner.lifecycle.ActivityLifecycleMonitor,2
androidx.test.espresso.matcher.ViewMatchers.Visibility,2
androidx.test.espresso.action.ViewActions.pressBack,4
androidx.test.espresso.action.Swipe,4
androidx.test.espresso.action.PrecisionDescriber,3
androidx.core.view.ViewPropertyAnimatorListenerAdapter,1
androidx.test.espresso.intent.Intents,8
androidx.test.espresso.action.CoordinatesProvider,4
androidx.core.view.ViewCompat.animate,1
androidx.test.internal.runner.junit4.statement.UiThreadStatement,1
androidx.test.espresso.action.Tapper,3
androidx.test.espresso.action.GeneralSwipeAction,3
androidx.room.Junction,1
androidx.lifecycle.Transformations.switchMap,2
androidx.camera.core.ImageCaptureException,1
androidx.camera.core.CameraSelector.DEFAULT_FRONT_CAMERA,1
androidx.lifecycle.Transformations.distinctUntilChanged,3
androidx.camera.core.CameraSelector.DEFAULT_BACK_CAMERA,1
androidx.recyclerview.widget.RecyclerView.NO_ID,1
androidx.camera.core.ImageCapture,1
androidx.core.view.ViewCompat.isAttachedToWindow,1
androidx.swiperefreshlayout.widget.SwipeRefreshLayout.OnRefreshListener,1
androidx.core.view.WindowInsetsAnimationCompat,1
androidx.annotation.NavigationRes,1
androidx.core.view.WindowInsetsAnimationControlListenerCompat,1
androidx.recyclerview.widget.RecyclerView.SCROLL_STATE_DRAGGING,1
androidx.constraintlayout.widget.Barrier,2
androidx.emoji.widget.EmojiAppCompatTextView,1
androidx.recyclerview.widget.ItemTouchHelper.UP,1
androidx.recyclerview.widget.ItemTouchHelper.DOWN,1
androidx.recyclerview.widget.RecyclerView.SCROLL_STATE_IDLE,3
androidx.transition.TransitionListenerAdapter,5
androidx.constraintlayout.motion.widget.MotionScene,1
androidx.core.view.WindowInsetsControllerCompat,1
androidx.core.graphics.Insets,1
androidx.core.view.WindowInsetsAnimationControllerCompat,1
androidx.recyclerview.widget.ItemTouchHelper.ACTION_STATE_DRAG,1
androidx.dynamicanimation.animation.FloatPropertyCompat,3
androidx.activity.OnBackPressedDispatcher,1
androidx.navigation.Navigator,2
androidx.emoji.widget.EmojiTextViewHelper,1
androidx.vectordrawable.graphics.drawable.AnimatorInflaterCompat,1
androidx.navigation.NavGraph,2
androidx.navigation.NavBackStackEntry,2
androidx.recyclerview.widget.AsyncListDiffer,1
androidx.core.view.ViewCompat.TYPE_TOUCH,3
androidx.emoji.widget.EmojiEditText,1
androidx.transition.TransitionValues,1
androidx.transition.ChangeTransform,1
androidx.browser.customtabs.CustomTabsCallback,3
androidx.viewpager.widget.ViewPager.SimpleOnPageChangeListener,1
androidx.core.app.NotificationCompat.Action,1
androidx.appcompat.app.AppCompatDelegate.MODE_NIGHT_AUTO_BATTERY,1
androidx.biometric.BiometricManager.Authenticators.DEVICE_CREDENTIAL,1
androidx.transition.AutoTransition,5
androidx.recyclerview.widget.ConcatAdapter,1
androidx.biometric.BiometricManager.Authenticators.BIOMETRIC_STRONG,1
androidx.appcompat.widget.ContentFrameLayout,1
androidx.recyclerview.widget.ViewInfoStore.InfoRecord.FLAG_DISAPPEARED,2
androidx.core.os.TraceCompat,2
androidx.annotation.RestrictTo.Scope.LIBRARY_GROUP_PREFIX,4
androidx.recyclerview.widget.ViewInfoStore.InfoRecord.FLAG_PRE_AND_POST,2
androidx.recyclerview.widget.LinearSmoothScrollerEnd,2
androidx.recyclerview.widget.LinearSmoothScrollerCustom,2
androidx.recyclerview.widget.ViewInfoStore.InfoRecord.FLAG_POST,2
androidx.core.widget.ScrollerCompat,2
androidx.recyclerview.widget.RecyclerView.ItemAnimator.ItemHolderInfo,2
androidx.recyclerview.widget.ViewInfoStore.InfoRecord.FLAG_APPEAR,2
androidx.recyclerview.widget.ChatListItemAnimator,2
androidx.recyclerview.widget.ViewInfoStore.InfoRecord.FLAG_APPEAR_PRE_AND_POST,2
androidx.core.view.InputDeviceCompat,2
androidx.core.view.ViewCompat.TYPE_NON_TOUCH,2
androidx.core.util.Preconditions,3
androidx.recyclerview.widget.ViewInfoStore.InfoRecord.FLAG_PRE,2
androidx.recyclerview.widget.ViewInfoStore.InfoRecord.FLAG_APPEAR_AND_DISAPPEAR,2
androidx.recyclerview.widget.GridLayoutManagerFixed,2
androidx.databinding.ObservableArrayList,2
androidx.core.app.NotificationCompat.PRIORITY_MAX,4
androidx.fragment.app.FragmentManager.BackStackEntry,3
androidx.core.os.LocaleListCompat,4
androidx.annotation.RestrictTo.Scope.LIBRARY_GROUP,5
androidx.core.widget.TintableCompoundButton,3
androidx.core.app.ActivityCompat.OnRequestPermissionsResultCallback,4
androidx.appcompat.app.ActionBar.OnNavigationListener,3
androidx.preference.DialogPreference.TargetFragment,3
androidx.gridlayout.widget.GridLayout,5
androidx.test.espresso.matcher.PreferenceMatchers.withTitleText,1
androidx.test.espresso.Root,2
androidx.test.espresso.core.internal.deps.guava.base.Preconditions.checkElementIndex,1
androidx.test.espresso.action.Swiper,2
androidx.test.espresso.matcher.ViewMatchers.isDisplayingAtLeast,4
androidx.leanback.widget.HorizontalGridView,1
androidx.leanback.widget.OnItemViewSelectedListener,1
androidx.leanback.widget.HeaderItem,1
androidx.leanback.widget.ListRow,1
androidx.leanback.widget.Presenter,1
androidx.preference.PreferenceFragment,2
androidx.preference.PreferenceDialogFragment,1
androidx.leanback.widget.BaseCardView,1
androidx.leanback.widget.RowPresenter,1
androidx.leanback.widget.ArrayObjectAdapter,1
androidx.leanback.widget.OnItemViewClickedListener,1
androidx.leanback.widget.ImageCardView,1
androidx.leanback.app.BrowseSupportFragment,1
androidx.leanback.widget.ObjectAdapter,1
androidx.leanback.preference.LeanbackSettingsFragment,1
androidx.leanback.widget.Row,1
androidx.leanback.widget.ListRowPresenter,1
androidx.leanback.preference.LeanbackPreferenceFragment,1
androidx.test.espresso.intent.matcher.IntentMatchers.hasCategories,1
androidx.test.espresso.contrib.DrawerMatchers.isOpen,1
androidx.test.espresso.intent.Checks.checkNotNull,1
androidx.test.espresso.contrib.DrawerActions.close,1
androidx.test.espresso.intent.matcher.IntentMatchers.hasType,1
androidx.test.espresso.contrib.DrawerMatchers.isClosed,4
androidx.test.espresso.contrib.DrawerActions.open,3
androidx.test.espresso.contrib.NavigationViewActions.navigateTo,1
androidx.core.widget.PopupMenuCompat,1
androidx.media.app.NotificationCompat.MediaStyle.getMediaSession,1
androidx.preference.ListPreferenceDialogFragmentCompat,2
androidx.core.app.ActivityCompat.startIntentSenderForResult,1
androidx.viewbinding.ViewBindings,1
androidx.work.ListenableWorker.Result.retry,1
androidx.work.ListenableWorker.Result.success,1
androidx.work.ListenableWorker.Result.failure,1
androidx.work.ExistingPeriodicWorkPolicy.KEEP,1
androidx.work.ExistingPeriodicWorkPolicy.REPLACE,1
androidx.viewpager.widget.PagerTitleStrip,1
androidx.lifecycle.*,1
androidx.activity.result.ActivityResultCaller,1
androidx.core.view.inputmethod.*,1
androidx.test.espresso.util.HumanReadables.describe,1
androidx.recyclerview.widget.RecyclerView.RecycledViewPool,1
androidx.core.view.ViewCompat.LAYOUT_DIRECTION_RTL,1
androidx.exifinterface.media.ExifInterface.ORIENTATION_TRANSPOSE,1
androidx.core.widget.ImageViewCompat.setImageTintList,1
androidx.core.app.NotificationCompat.CATEGORY_SOCIAL,1
androidx.constraintlayout.widget.ConstraintSet.WRAP_CONTENT,1
androidx.test.runner.screenshot.Screenshot,2
androidx.preference.PreferenceManager.setDefaultValues,1
androidx.test.espresso.action.GeneralLocation.VISIBLE_CENTER,1
androidx.exifinterface.media.ExifInterface.TAG_IMAGE_WIDTH,1
androidx.test.espresso.base.DefaultFailureHandler,1
androidx.core.app.NotificationCompat.CATEGORY_SERVICE,1
androidx.core.app.ActivityCompat.shouldShowRequestPermissionRationale,1
androidx.appcompat.app.AppCompatDelegate.MODE_NIGHT_AUTO_TIME,1
androidx.core.app.NotificationCompat.VISIBILITY_PRIVATE,1
androidx.recyclerview.widget.RecyclerView.LayoutManager,1
androidx.drawerlayout.widget.DrawerLayout.LOCK_MODE_LOCKED_CLOSED,1
androidx.customview.view.AbsSavedState.EMPTY_STATE,1
androidx.coordinatorlayout.widget.CoordinatorLayout.Behavior,1
androidx.core.app.NotificationCompat.CATEGORY_MESSAGE,1
androidx.core.app.ActivityOptionsCompat.makeSceneTransitionAnimation,1
androidx.test.internal.runner.junit4.statement.UiThreadStatement.runOnUiThread,1
androidx.recyclerview.widget.RecyclerView.State,2
androidx.test.espresso.util.TreeIterables.breadthFirstViewTraversal,1
androidx.exifinterface.media.ExifInterface.TAG_ORIENTATION,1
androidx.core.view.ViewCompat.LAYOUT_DIRECTION_LTR,1
androidx.activity.result.contract.ActivityResultContracts.RequestMultiplePermissions,1
androidx.core.app.ShareCompat.IntentBuilder,1
androidx.core.graphics.drawable.DrawableCompat.setTint,1
androidx.core.app.NotificationCompat.VISIBILITY_SECRET,1
androidx.preference.Preference.SummaryProvider,1
androidx.exifinterface.media.ExifInterface.ORIENTATION_TRANSVERSE,1
androidx.exifinterface.media.ExifInterface.TAG_IMAGE_LENGTH,1
androidx.recyclerview.widget.StaggeredGridLayoutManager.LayoutParams,1
androidx.multidex.BuildConfig,1
androidx.test.espresso.action.ViewActions.actionWithAssertions,2
androidx.test.espresso.intent.matcher.IntentMatchers,2
androidx.test.espresso.action.ViewActions.pressMenuKey,1
androidx.test.espresso.matcher.ViewMatchers.withSpinnerText,2
androidx.appcompat.widget.MenuPopupWindow,1
androidx.test.espresso.action.ScrollToAction,1
androidx.test.espresso.matcher.ViewMatchers.hasTextColor,1
androidx.test.espresso.contrib.RecyclerViewActions.actionOnHolderItem,2
androidx.test.espresso.IdlingPolicies.getMasterIdlingPolicy,2
androidx.test.espresso.action.CloseKeyboardAction,2
androidx.test.espresso.IdlingPolicy,2
androidx.test.espresso.IdlingPolicies.setMasterPolicyTimeout,2
androidx.test.espresso.IdlingPolicies.setIdlingResourceTimeout,2
androidx.test.espresso.Espresso.registerIdlingResources,2
androidx.test.espresso.IdlingPolicies.getDynamicIdlingResourceErrorPolicy,2
androidx.appcompat.widget.Toolbar.OnMenuItemClickListener,1
androidx.core.view.MenuItemCompat.OnActionExpandListener,2
androidx.lifecycle.GenericLifecycleObserver,1
androidx.recyclerview.widget.OrientationHelper,1
androidx.core.app.ServiceCompat,4
androidx.test.uiautomator.UiWatcher,1
androidx.work.testing.SynchronousExecutor,1
androidx.core.view.DisplayCompat,1
androidx.work.testing.WorkManagerTestInitHelper,1
androidx.core.widget.*,1
androidx.core.view.*,1
androidx.core.view.accessibility.*,1
androidx.mediarouter.app.MediaRouteChooserDialog,1
androidx.mediarouter.media.MediaRouter.RouteInfo,1
androidx.test.rule.provider.ProviderTestRule,1
androidx.core.app.NotificationCompat.InboxStyle,2
androidx.core.text.ICUCompat,1
androidx.core.app.NotificationCompat.MessagingStyle,1
androidx.core.app.NotificationCompat.Style,1
androidx.legacy.content.WakefulBroadcastReceiver,3
androidx.legacy.widget.Space,1
androidx.loader.content.LoaderAccessor,1
androidx.appcompat.view.menu.TwidereActionMenuItemView,1
androidx.annotation.LongDef,1
androidx.recyclerview.widget.FixedLinearLayoutManager,1
androidx.loader.content.FixedAsyncTaskLoader,1
androidx.core.content.PermissionChecker.PERMISSION_DENIED,1
androidx.tvprovider.media.tv.ChannelLogoUtils,1
androidx.tvprovider.media.tv.PreviewProgram,1
androidx.preference.PreferenceFragmentCompat.OnPreferenceStartScreenCallback,1
androidx.tvprovider.media.tv.TvContractCompat,1
androidx.tvprovider.media.tv.Channel,1
androidx.annotation.ContentView,1
androidx.core.view.ViewCompat.requireViewById,1
androidx.documentfile.provider.CachedDocumentFile,1
androidx.test.espresso.InjectEventSecurityException,1
androidx.test.annotation.Beta,1
androidx.test.espresso.intent.Checks,1
androidx.test.rule.UiThreadTestRule,1
androidx.test.espresso.intent.matcher.IntentMatchers.anyIntent,1
androidx.test.espresso.contrib.RecyclerViewActions.scrollToPosition,1
androidx.test.espresso.idling.CountingIdlingResource,1
androidx.test.espresso.Espresso.pressBackUnconditionally,1
androidx.databinding.DataBindingComponent,1
androidx.test.espresso.matcher.ViewMatchers.isFocused,1
androidx.core.view.DisplayCutoutCompat,2
androidx.appcompat.view.WindowCallbackWrapper,2
androidx.fragment.app.FragmentStatePagerAdapterMenuWorkaround,2
androidx.recyclerview.widget.ItemTouchHelper.Callback.makeMovementFlags,2
androidx.core.app.JobIntentService.enqueueWork,2
androidx.appcompat.widget.PopupMenu.OnMenuItemClickListener,1
androidx.sqlite.db.SupportSQLiteOpenHelper.Configuration,1
androidx.sqlite.db.SupportSQLiteOpenHelper.Callback,1
androidx.work.Constraints.Builder,1
androidx.core.app.BundleCompat,1
androidx.recyclerview.widget.ItemTouchHelper.Callback,1
androidx.recyclerview.widget.ItemTouchHelper.ACTION_STATE_SWIPE,1
androidx.recyclerview.selection.StableIdKeyProvider,1
androidx.core.view.accessibility.AccessibilityNodeProviderCompat,1
androidx.core.view.accessibility.AccessibilityNodeInfoCompat.AccessibilityActionCompat,2
androidx.core.graphics.ColorUtils.blendARGB,1
androidx.core.graphics.ColorUtils.calculateLuminance,1
androidx.test.espresso.matcher.ViewMatchers.withSubstring,1
androidx.test.espresso.intent.matcher.IntentMatchers.hasExtraWithKey,1
androidx.test.espresso.matcher.CursorMatchers,2
androidx.preference.PreferenceManagerBinder,2
androidx.appcompat.app.AppCompatCallback,3
androidx.core.view.accessibility.AccessibilityViewCommand,1
androidx.core.app.NotificationCompat.PRIORITY_DEFAULT,2
androidx.paging.ItemKeyedDataSource,1
androidx.test.internal.util.Checks.checkArgument,2
androidx.fragment.app.Fragment.InstantiationException,1
androidx.coordinatorlayout.widget.CoordinatorLayout.AttachedBehavior,1
androidx.navigation.NavInflater,1
androidx.core.view.ViewCompat.ScrollAxis,1
androidx.core.view.ViewCompat.NestedScrollType,1
