androidx.appcompat.app.ActionBar,161
androidx.annotation.Nullable,298
androidx.core.app.NotificationManagerCompat,77
androidx.core.graphics.BlendModeColorFilterCompat,4
androidx.appcompat.app.AppCompatActivity,412
androidx.core.graphics.BlendModeCompat,4
androidx.loader.app.LoaderManager,32
androidx.appcompat.widget.Toolbar,232
androidx.annotation.NonNull,378
androidx.annotation.LayoutRes,66
androidx.core.content.ContextCompat,272
androidx.core.app.NotificationCompat,203
androidx.appcompat.app.AlertDialog,225
androidx.cursoradapter.widget.CursorAdapter,15
androidx.core.app.ActivityCompat,208
androidx.loader.content.Loader,32
androidx.exifinterface.media.ExifInterface,13
androidx.appcompat.app.AppCompatDelegate,128
androidx.core.content.res.ResourcesCompat,48
androidx.core.content.FileProvider,122
androidx.documentfile.provider.DocumentFile,44
androidx.loader.content.CursorLoader,20
androidx.test.InstrumentationRegistry,40
androidx.fragment.app.FragmentManager,171
androidx.appcompat.widget.AppCompatImageButton,23
androidx.recyclerview.widget.ItemTouchHelper,65
androidx.fragment.app.FragmentTransaction,113
androidx.fragment.app.Fragment,257
androidx.test.runner.AndroidJUnit4,47
androidx.recyclerview.widget.LinearLayoutManager,204
androidx.recyclerview.widget.RecyclerView,213
androidx.fragment.app.DialogFragment,133
androidx.preference.PreferenceFragmentCompat,167
androidx.appcompat.view.ContextThemeWrapper,21
androidx.test.espresso.Espresso.onView,29
androidx.preference.PreferenceManager,133
androidx.test.espresso.matcher.ViewMatchers.withText,25
androidx.test.espresso.action.ViewActions.click,27
androidx.test.rule.ActivityTestRule,33
androidx.test.ext.junit.runners.AndroidJUnit4,105
androidx.test.platform.app.InstrumentationRegistry,97
androidx.lifecycle.LifecycleOwner,17
androidx.appcompat.widget.SwitchCompat,49
androidx.lifecycle.ViewModelProvider,48
androidx.fragment.app.FragmentActivity,105
androidx.lifecycle.LiveData,51
androidx.work.NetworkType,21
androidx.preference.SeekBarPreference,17
androidx.swiperefreshlayout.widget.SwipeRefreshLayout,87
androidx.localbroadcastmanager.content.LocalBroadcastManager,49
androidx.recyclerview.widget.GridLayoutManager,70
androidx.appcompat.widget.SearchView,79
androidx.lifecycle.ViewModelStoreOwner,2
androidx.annotation.RequiresApi,136
androidx.preference.SwitchPreference,14
androidx.core.graphics.ColorUtils,19
androidx.core.graphics.drawable.DrawableCompat,54
androidx.appcompat.widget.PopupMenu,54
androidx.preference.ListPreference,72
androidx.multidex.MultiDexApplication,27
androidx.work.ForegroundInfo,4
androidx.recyclerview.widget.DividerItemDecoration,50
androidx.appcompat.widget.TooltipCompat,10
androidx.work.PeriodicWorkRequest,22
androidx.work.WorkManager,29
androidx.lifecycle.MutableLiveData,40
androidx.fragment.app.FragmentStatePagerAdapter,52
androidx.viewpager.widget.PagerAdapter,66
androidx.work.Configuration,9
androidx.preference.PreferenceScreen,31
androidx.work.WorkerParameters,29
androidx.multidex.MultiDex,18
androidx.work.BackoffPolicy,9
androidx.preference.MultiSelectListPreference,11
androidx.core.text.HtmlCompat.FROM_HTML_MODE_LEGACY,4
androidx.preference.Preference,129
androidx.work.Worker,26
androidx.work.Constraints,21
androidx.constraintlayout.widget.ConstraintLayout,45
androidx.work.ExistingPeriodicWorkPolicy,20
androidx.lifecycle.AndroidViewModel,36
androidx.viewpager.widget.ViewPager,131
androidx.annotation.CallSuper,27
androidx.constraintlayout.widget.Group,7
androidx.core.app.ActivityOptionsCompat,16
androidx.annotation.ColorInt,64
androidx.annotation.Px,7
androidx.annotation.DimenRes,22
androidx.appcompat.app.ActionBarDrawerToggle,94
androidx.appcompat.widget.AppCompatImageView,47
androidx.constraintlayout.widget.ConstraintSet,10
androidx.browser.customtabs.CustomTabsIntent,24
androidx.core.view.inputmethod.EditorInfoCompat,11
androidx.appcompat.widget.AppCompatTextView,39
androidx.coordinatorlayout.widget.CoordinatorLayout,61
androidx.transition.TransitionManager,11
androidx.transition.ChangeBounds,4
androidx.core.view.inputmethod.InputContentInfoCompat,12
androidx.core.view.inputmethod.InputConnectionCompat,11
androidx.core.view.GravityCompat,89
androidx.cardview.widget.CardView,51
androidx.drawerlayout.widget.DrawerLayout,114
androidx.lifecycle.ViewModel,35
androidx.preference.PreferenceCategory,18
androidx.lifecycle.Observer,23
androidx.lifecycle.Transformations,7
androidx.lifecycle.ViewModelProviders,16
androidx.arch.core.util.Function,5
androidx.annotation.StringRes,92
androidx.fragment.app.FragmentPagerAdapter,69
androidx.core.view.AccessibilityDelegateCompat,5
androidx.core.widget.EdgeEffectCompat,5
androidx.core.view.ViewCompat,60
androidx.core.view.VelocityTrackerCompat,2
androidx.appcompat.widget.SearchView.OnQueryTextListener,5
androidx.core.os.ParcelableCompatCreatorCallbacks,2
androidx.preference.DialogPreference,23
androidx.core.view.ViewConfigurationCompat,5
androidx.test.core.app.ApplicationProvider,23
androidx.preference.PreferenceDialogFragmentCompat,22
androidx.annotation.UiThread,18
androidx.core.view.MotionEventCompat,16
androidx.core.graphics.drawable.IconCompat,15
androidx.preference.PreferenceGroup,16
androidx.core.content.pm.ShortcutManagerCompat,6
androidx.appcompat.widget.AppCompatRadioButton,6
androidx.test.filters.LargeTest,22
androidx.core.view.MenuItemCompat,29
androidx.core.os.ParcelableCompat,2
androidx.core.view.accessibility.AccessibilityEventCompat,7
androidx.core.view.accessibility.AccessibilityRecordCompat,2
androidx.preference.PreferenceViewHolder,26
androidx.preference.SwitchPreferenceCompat,35
androidx.core.view.accessibility.AccessibilityNodeInfoCompat,9
androidx.core.content.pm.ShortcutInfoCompat,6
androidx.navigation.Navigation,19
androidx.navigation.ui.NavigationUI,18
androidx.navigation.NavController,20
androidx.fragment.app.ListFragment,31
androidx.core.content.IntentCompat,1
androidx.appcompat.app.AlertDialog.Builder,13
androidx.core.app.NavUtils,48
androidx.loader.content.AsyncTaskLoader,19
androidx.core.app.NotificationCompat.BigTextStyle,1
androidx.webkit.WebViewFeature,9
androidx.test.espresso.matcher.ViewMatchers.isEnabled,4
androidx.test.espresso.FailureHandler,2
androidx.annotation.FontRes,1
androidx.test.espresso.assertion.ViewAssertions.matches,24
androidx.test.espresso.ViewInteraction,14
androidx.test.internal.runner.junit4.AndroidJUnit4ClassRunner,5
androidx.test.espresso.matcher.ViewMatchers.withId,28
androidx.test.espresso.matcher.ViewMatchers.withContentDescription,14
androidx.webkit.WebSettingsCompat,9
androidx.appcompat.view.ActionMode,33
androidx.annotation.DrawableRes,78
androidx.test.rule.GrantPermissionRule,8
androidx.test.espresso.matcher.ViewMatchers.isDisplayed,23
androidx.annotation.Keep,21
androidx.core.os.EnvironmentCompat,4
androidx.annotation.IdRes,49
androidx.preference.EditTextPreferenceDialogFragmentCompat,3
androidx.databinding.DataBindingUtil,23
androidx.annotation.WorkerThread,30
androidx.loader.app.LoaderManager.LoaderCallbacks,6
androidx.core.app.TaskStackBuilder,33
androidx.core.app.JobIntentService,20
androidx.collection.LongSparseArray,15
androidx.preference.EditTextPreference,45
androidx.core.content.PermissionChecker,2
androidx.appcompat.widget.ListPopupWindow,7
androidx.core.view.WindowInsetsCompat,7
androidx.core.widget.NestedScrollView,30
androidx.annotation.ColorRes,37
androidx.vectordrawable.graphics.drawable.AnimatedVectorDrawableCompat,7
androidx.annotation.IntRange,16
androidx.annotation.PluralsRes,9
androidx.work.WorkInfo,6
androidx.work.WorkRequest,3
androidx.appcompat.widget.AppCompatCheckBox,19
androidx.appcompat.widget.AppCompatButton,19
androidx.annotation.StyleRes,30
androidx.annotation.ArrayRes,9
androidx.room.Query,43
androidx.lifecycle.DefaultLifecycleObserver,3
androidx.annotation.AttrRes,25
androidx.room.Index,14
androidx.room.Insert,43
androidx.room.RoomDatabase,43
androidx.lifecycle.Lifecycle,13
androidx.room.ForeignKey,13
androidx.core.util.Pair,30
androidx.room.Relation,3
androidx.appcompat.widget.LinearLayoutCompat,12
androidx.room.ColumnInfo,28
androidx.room.Room,43
androidx.room.Transaction,5
androidx.annotation.MainThread,12
androidx.room.Dao,43
androidx.annotation.GuardedBy,3
androidx.fragment.app.FragmentContainerView,1
androidx.annotation.IntDef,25
androidx.room.Entity,43
androidx.recyclerview.widget.StaggeredGridLayoutManager,17
androidx.room.Database,34
androidx.room.Embedded,4
androidx.core.util.Consumer,10
androidx.appcompat.view.menu.MenuBuilder,13
androidx.core.os.CancellationSignal,5
androidx.test.filters.SmallTest,10
androidx.appcompat.widget.AppCompatEditText,39
androidx.appcompat.app.AppCompatDialog,9
androidx.biometric.BiometricPrompt,6
androidx.biometric.BiometricManager,3
androidx.room.PrimaryKey,39
androidx.sqlite.db.SupportSQLiteQuery,2
androidx.room.Ignore,19
androidx.room.TypeConverters,12
androidx.core.text.HtmlCompat,19
androidx.room.TypeConverter,12
androidx.room.Delete,30
androidx.room.OnConflictStrategy,22
androidx.core.graphics.drawable.RoundedBitmapDrawable,3
androidx.recyclerview.widget.DefaultItemAnimator,23
androidx.room.RawQuery,1
androidx.room.Update,27
androidx.sqlite.db.SupportSQLiteDatabase,22
androidx.navigation.NavDestination,3
androidx.navigation.fragment.NavHostFragment,9
androidx.recyclerview.widget.PagerSnapHelper,1
androidx.core.graphics.drawable.RoundedBitmapDrawableFactory,3
androidx.recyclerview.widget.SnapHelper,1
androidx.core.os.ConfigurationCompat,3
androidx.core.view.GestureDetectorCompat,13
androidx.core.app.RemoteInput,14
androidx.core.app.NotificationCompat.Builder,8
androidx.customview.widget.ViewDragHelper,8
androidx.interpolator.view.animation.FastOutSlowInInterpolator,11
androidx.appcompat.content.res.AppCompatResources,29
androidx.preference.CheckBoxPreference,38
androidx.core.widget.TextViewCompat,14
androidx.core.os.BuildCompat,2
androidx.core.view.WindowCompat,2
androidx.recyclerview.widget.RecyclerView.ViewHolder,6
androidx.annotation.VisibleForTesting,31
androidx.recyclerview.widget.RecyclerView.OnScrollListener,2
androidx.test.espresso.Espresso.pressBack,6
androidx.test.espresso.action.ViewActions.replaceText,7
androidx.test.espresso.action.ViewActions.closeSoftKeyboard,4
androidx.recyclerview.widget.LinearSmoothScroller,4
androidx.test.espresso.matcher.ViewMatchers.withClassName,5
androidx.lifecycle.OnLifecycleEvent,5
androidx.test.espresso.action.ViewActions.longClick,8
androidx.lifecycle.LifecycleObserver,6
androidx.core.util.Pools,3
androidx.test.platform.app.InstrumentationRegistry.getInstrumentation,7
androidx.preference.EditTextPreference.OnBindEditTextListener,1
androidx.appcompat.view.menu.*,1
androidx.interpolator.view.animation.LinearOutSlowInInterpolator,3
androidx.appcompat.view.menu.MenuItemImpl,4
androidx.recyclerview.widget.DiffUtil,30
androidx.appcompat.view.ActionMode.Callback,3
androidx.fragment.app.*,2
androidx.preference.Preference.OnPreferenceClickListener,6
androidx.appcompat.graphics.drawable.DrawerArrowDrawable,4
androidx.leanback.preference.LeanbackSettingsFragmentCompat,1
androidx.transition.Transition,4
androidx.preference.*,2
androidx.annotation.AnyThread,7
androidx.recyclerview.widget.ListUpdateCallback,4
androidx.interpolator.view.animation.FastOutLinearInInterpolator,2
androidx.appcompat.view.menu.SubMenuBuilder,2
androidx.collection.ArrayMap,10
androidx.preference.PreferenceDataStore,2
androidx.viewpager2.adapter.FragmentStateAdapter,22
androidx.preference.Preference.OnPreferenceChangeListener,6
androidx.vectordrawable.graphics.drawable.VectorDrawableCompat,11
androidx.viewpager2.widget.ViewPager2,23
androidx.annotation.MenuRes,11
androidx.leanback.preference.LeanbackPreferenceFragmentCompat,1
androidx.recyclerview.widget.*,1
androidx.annotation.*,3
androidx.appcompat.widget.ActionMenuView,10
androidx.appcompat.app.AppCompatDelegate.MODE_NIGHT_NO,3
androidx.appcompat.app.AppCompatDelegate.MODE_NIGHT_FOLLOW_SYSTEM,3
androidx.appcompat.app.AppCompatDelegate.MODE_NIGHT_YES,3
androidx.collection.SparseArrayCompat,7
androidx.core.view.GravityCompat.END,1
androidx.appcompat.widget.ListPopupWindow.MATCH_PARENT,1
androidx.appcompat.widget.ListPopupWindow.WRAP_CONTENT,1
androidx.core.view.GravityCompat.START,1
androidx.recyclerview.widget.SimpleItemAnimator,8
androidx.core.app.ShareCompat,10
androidx.preference.PreferenceGroupAdapter,3
androidx.appcompat.widget.AppCompatAutoCompleteTextView,6
androidx.core.widget.ImageViewCompat,5
androidx.collection.LruCache,12
androidx.viewpager.widget.ViewPager.OnPageChangeListener,8
androidx.appcompat.widget.AppCompatSpinner,12
androidx.activity.result.ActivityResultLauncher,19
androidx.activity.result.contract.ActivityResultContracts.StartActivityForResult,4
androidx.activity.result.ActivityResult,7
androidx.activity.result.contract.ActivityResultContracts.RequestPermission,2
androidx.preference.DropDownPreference,1
androidx.annotation.RequiresPermission,5
androidx.annotation.FloatRange,10
androidx.core.view.ViewGroupCompat,1
androidx.databinding.InverseMethod,1
androidx.work.ExistingWorkPolicy,10
androidx.databinding.ObservableLong,1
androidx.databinding.ObservableBoolean,4
androidx.databinding.ObservableField,5
androidx.databinding.ObservableFloat,1
androidx.arch.core.executor.testing.InstantTaskExecutorRule,5
androidx.databinding.InverseBindingListener,3
androidx.work.OneTimeWorkRequest,15
androidx.databinding.BindingAdapter,9
androidx.databinding.InverseBindingAdapter,3
androidx.databinding.BindingConversion,1
androidx.room.migration.Migration,17
androidx.annotation.XmlRes,8
androidx.test.espresso.action.ViewActions,5
androidx.test.espresso.contrib.ViewPagerActions,1
androidx.test.espresso.assertion.ViewAssertions,3
androidx.test.espresso.matcher.ViewMatchers,10
androidx.test.espresso.matcher.RootMatchers,2
androidx.test.espresso.PerformException,7
androidx.test.espresso.UiController,16
androidx.appcompat.widget.AppCompatDrawableManager,2
androidx.viewbinding.ViewBinding,2
androidx.test.espresso.ViewAction,16
androidx.test.espresso.Espresso,11
androidx.test.espresso.matcher.BoundedMatcher,8
androidx.annotation.RawRes,10
androidx.fragment.app.FragmentFactory,1
androidx.fragment.app.testing.FragmentScenario,1
androidx.test.espresso.util.TreeIterables,5
androidx.test.espresso.util.HumanReadables,7
androidx.test.espresso.contrib.PickerActions,1
androidx.work.impl.WorkManagerImpl,1
androidx.work.Data,8
androidx.work.WorkContinuation,1
androidx.test.espresso.Espresso.onData,7
androidx.test.uiautomator.UiDevice,6
androidx.test.espresso.contrib.RecyclerViewActions,5
androidx.test.espresso.DataInteraction,4
androidx.test.espresso.NoMatchingRootException,1
androidx.test.espresso.AmbiguousViewMatcherException,1
androidx.annotation.CheckResult,6
androidx.test.espresso.NoMatchingViewException,10
androidx.recyclerview.widget.ItemTouchHelper.SimpleCallback,3
androidx.lifecycle.MediatorLiveData,8
androidx.core.view.NestedScrollingChild2,3
androidx.browser.customtabs.CustomTabColorSchemeParams,5
androidx.appcompat.view.SupportMenuInflater,2
androidx.core.util.ObjectsCompat,2
androidx.browser.customtabs.CustomTabsService,5
androidx.activity.result.contract.ActivityResultContract,5
androidx.core.view.NestedScrollingChildHelper,11
androidx.appcompat.widget.AppCompatMultiAutoCompleteTextView,1
androidx.print.PrintHelper,1
androidx.appcompat.graphics.drawable.DrawableWrapper,1
androidx.appcompat.view.menu.MenuPopupHelper,4
androidx.activity.result.contract.ActivityResultContracts,17
androidx.activity.result.ActivityResultCallback,6
androidx.preference.TwoStatePreference,7
androidx.collection.ArraySet,3
androidx.activity.OnBackPressedCallback,3
androidx.annotation.StyleableRes,2
androidx.appcompat.app.ActionBar.Tab,1
androidx.activity.result.contract.ActivityResultContracts.OpenDocument,2
androidx.media.session.MediaButtonReceiver,6
androidx.navigation.NavDirections,2
androidx.navigation.ui.AppBarConfiguration,13
androidx.test.espresso.contrib.NavigationViewActions,1
androidx.test.espresso.matcher.RootMatchers.isDialog,1
androidx.palette.graphics.Palette,14
androidx.media.app.NotificationCompat.MediaStyle,4
androidx.annotation.StringDef,5
androidx.core.widget.CompoundButtonCompat,7
androidx.appcompat.app.AppCompatDelegate.setDefaultNightMode,2
androidx.test.espresso.action.ViewActions.typeText,9
androidx.test.espresso.intent.rule.IntentsTestRule,5
androidx.test.espresso.matcher.ViewMatchers.isAssignableFrom,4
androidx.core.util.Preconditions.checkNotNull,4
androidx.test.espresso.matcher.ViewMatchers.assertThat,3
androidx.test.espresso.ViewAssertion,7
androidx.test.espresso.matcher.ViewMatchers.isRoot,9
androidx.test.espresso.intent.matcher.IntentMatchers.toPackage,2
androidx.test.espresso.intent.Intents.intending,3
androidx.test.espresso.Espresso.openActionBarOverflowOrOptionsMenu,8
androidx.test.core.app.ActivityScenario,5
androidx.recyclerview.widget.ListAdapter,16
androidx.core.view.NestedScrollingParent2,1
androidx.core.view.NestedScrollingParent3,3
androidx.annotation.Size,3
androidx.work.ListenableWorker,4
androidx.work.impl.utils.futures.SettableFuture,1
androidx.annotation.AnyRes,1
androidx.appcompat.view.menu.ActionMenuItemView,3
androidx.activity.ComponentActivity,2
androidx.annotation.IntegerRes,9
androidx.core.graphics.PaintCompat,1
androidx.annotation.BoolRes,7
androidx.test.core.view.MotionEventBuilder,1
androidx.core.content.FileProvider.getUriForFile,1
androidx.test.core.app.ApplicationProvider.getApplicationContext,2
androidx.navigation.NavOptions,2
androidx.core.content.ContextCompat.getColor,1
androidx.webkit.WebViewClientCompat,1
androidx.preference.PreferenceFragmentCompat.OnPreferenceStartFragmentCallback,1
androidx.security.crypto.EncryptedSharedPreferences.PrefValueEncryptionScheme,1
androidx.security.crypto.MasterKey,2
androidx.security.crypto.EncryptedSharedPreferences,2
androidx.coordinatorlayout.widget.CoordinatorLayout.LayoutParams,1
androidx.security.crypto.MasterKey.KeyScheme,1
androidx.core.view.MenuCompat,9
androidx.recyclerview.widget.DiffUtil.ItemCallback,1
androidx.appcompat.app.AppCompatDialogFragment,11
androidx.preference.MultiSelectListPreferenceDialogFragmentCompat,2
androidx.activity.result.contract.ActivityResultContracts.CreateDocument,2
androidx.security.crypto.EncryptedSharedPreferences.PrefKeyEncryptionScheme,1
androidx.core.view.ScaleGestureDetectorCompat,1
androidx.appcompat.widget.AppCompatSeekBar,4
androidx.appcompat.widget.RecyclerView,1
androidx.cursoradapter.widget.SimpleCursorAdapter,11
androidx.databinding.Bindable,5
androidx.core.content.ContextCompat.startActivity,1
androidx.core.app.Fragment,1
androidx.databinding.BaseObservable,6
androidx.core.content.res.TypedArrayUtils,1
androidx.sqlite.db.framework.FrameworkSQLiteOpenHelperFactory,6
androidx.room.testing.MigrationTestHelper,5
androidx.activity.result.contract.ActivityResultContracts.OpenDocumentTree,1
androidx.core.view.LayoutInflaterCompat,2
androidx.core.hardware.fingerprint.FingerprintManagerCompat,4
androidx.legacy.app.FragmentStatePagerAdapter,1
androidx.appcompat.widget.ShareActionProvider,6
androidx.annotation.AnimRes,4
androidx.transition.Fade,2
androidx.paging.DataSource,6
androidx.paging.PagedListAdapter,6
androidx.paging.LivePagedListBuilder,6
androidx.paging.PageKeyedDataSource,2
androidx.paging.PagedList,6
androidx.swiperefreshlayout.widget.CircularProgressDrawable,3
androidx.core.net.ConnectivityManagerCompat,9
androidx.core.app.AlarmManagerCompat,3
androidx.slidingpanelayout.widget.SlidingPaneLayout,2
androidx.annotation.RestrictTo,6
androidx.appcompat.text.AllCapsTransformationMethod,1
androidx.recyclerview.widget.RecyclerView.*,1
androidx.core.view.NestedScrollingChild,8
androidx.appcompat.view.menu.MenuView,1
androidx.core.app.Person,9
androidx.slidingpanelayout.widget.SlidingPaneLayout.PanelSlideListener,1
androidx.customview.view.AbsSavedState,5
androidx.appcompat.view.menu.MenuPresenter,1
androidx.appcompat.widget.TintTypedArray,1
androidx.databinding.ViewDataBinding,3
androidx.media.MediaBrowserServiceCompat,3
androidx.percentlayout.widget.PercentRelativeLayout,1
androidx.collection.SimpleArrayMap,1
androidx.test.InstrumentationRegistry.getInstrumentation,7
androidx.test.espresso.matcher.ViewMatchers.withHint,3
androidx.test.espresso.assertion.ViewAssertions.doesNotExist,7
androidx.test.uiautomator.By,3
androidx.test.espresso.matcher.ViewMatchers.isChecked,2
androidx.test.filters.SdkSuppress,3
androidx.vectordrawable.graphics.drawable.ArgbEvaluator,1
androidx.test.uiautomator.UiObject2,2
androidx.test.espresso.action.ViewActions.scrollTo,7
androidx.work.testing.WorkManagerTestInitHelper.initializeTestWorkManager,1
androidx.test.uiautomator.Until,3
androidx.databinding.ObservableInt,2
androidx.recyclerview.selection.SelectionTracker,7
androidx.recyclerview.selection.ItemDetailsLookup,7
androidx.databinding.library.baseAdapters.BR,3
androidx.recyclerview.selection.SelectionPredicates,2
androidx.test.filters.MediumTest,6
androidx.recyclerview.selection.ItemKeyProvider,6
androidx.databinding.Observable,4
androidx.recyclerview.selection.StorageStrategy,7
androidx.recyclerview.selection.MutableSelection,3
androidx.room.ForeignKey.CASCADE,5
androidx.biometric.BiometricConstants,1
androidx.customview.widget.ExploreByTouchHelper,4
androidx.preference.PreferenceManager ,1
androidx.preference.PreferenceViewHolder ,1
androidx.core.content.ContextCompat ,1
androidx.core.app.NotificationCompat ,1
androidx.recyclerview.widget.ItemTouchHelper ,1
androidx.preference.Preference ,1
androidx.recyclerview.widget.RecyclerView ,1
androidx.appcompat.app.AppCompatActivity ,1
androidx.core.graphics.drawable.DrawableCompat ,1
androidx.core.view.GestureDetectorCompat ,1
androidx.core.content.res.ResourcesCompat ,1
androidx.recyclerview.widget.LinearLayoutManager ,1
androidx.appcompat.app.AppCompatDelegate ,1
androidx.appcompat.app.AlertDialog ,1
androidx.preference.ListPreference ,1
androidx.annotation.NonNull ,1
androidx.preference.PreferenceFragmentCompat ,1
androidx.appcompat.app.AppCompatDialog ,1
androidx.recyclerview.widget.GridLayoutManager ,1
androidx.core.app.SharedElementCallback,3
androidx.viewpager2.widget.MarginPageTransformer,1
androidx.core.view.NestedScrollingParent,3
androidx.core.math.MathUtils,2
androidx.core.view.NestedScrollingParentHelper,2
androidx.core.view.NestedScrollingChild3,2
androidx.core.app.NotificationCompat.PRIORITY_LOW,4
androidx.core.app.NotificationCompat.PRIORITY_MIN,4
androidx.preference.PreferenceFragmentCompat.ARG_PREFERENCE_ROOT,1
androidx.core.role.RoleManagerCompat.ROLE_SMS,1
androidx.recyclerview.widget.RecyclerView.Adapter,3
androidx.core.text.BidiFormatter,1
androidx.test.rule.ServiceTestRule,4
androidx.vectordrawable.graphics.drawable.Animatable2Compat,1
androidx.lifecycle.Lifecycle.State,1
androidx.test.ext.junit.rules.ActivityScenarioRule,6
androidx.test.uiautomator.EventCondition,1
androidx.test.uiautomator.UiObjectNotFoundException,3
androidx.test.uiautomator.UiSelector,3
androidx.test.uiautomator.UiObject,3
androidx.core.util.Pools.SimplePool,1
androidx.viewpager.widget.PagerTabStrip,3
androidx.test.uiautomator.SearchCondition,1
androidx.test.annotation.UiThreadTest,2
androidx.test.uiautomator.UiObject2Condition,1
androidx.test.uiautomator.Configurator,1
androidx.test.uiautomator.BySelector,1
androidx.appcompat.widget.ActionMenuView.OnMenuItemClickListener,1
androidx.test.uiautomator.UiScrollable,1
androidx.test.espresso.action.ViewActions.swipeUp,5
androidx.test.espresso.accessibility.AccessibilityChecks,1
androidx.test.espresso.IdlingRegistry,3
androidx.test.espresso.matcher.ViewMatchers.isCompletelyDisplayed,1
androidx.test.espresso.IdlingResource,7
androidx.test.espresso.matcher.ViewMatchers.hasMinimumChildCount,2
androidx.test.espresso.IdlingPolicies,2
androidx.core.view.ActionProvider,1
androidx.core.view.MarginLayoutParamsCompat,3
androidx.media.AudioAttributesCompat,3
androidx.mediarouter.app.MediaRouteControllerDialogFragment,1
androidx.test.espresso.contrib.RecyclerViewActions.actionOnItemAtPosition,3
androidx.test.espresso.intent.matcher.IntentMatchers.hasComponent,5
androidx.test.espresso.contrib.ActivityResultMatchers.hasResultCode,1
androidx.test.espresso.contrib.DrawerActions,1
androidx.viewpager2.widget.ViewPager2.ORIENTATION_VERTICAL,1
androidx.mediarouter.app.MediaRouteChooserDialogFragment,1
androidx.viewpager2.widget.ViewPager2.ORIENTATION_HORIZONTAL,1
androidx.test.espresso.matcher.ViewMatchers.isDescendantOfA,4
androidx.mediarouter.app.MediaRouteDialogFactory,1
androidx.mediarouter.app.MediaRouteControllerDialog,1
androidx.documentfile.provider.AssetsDocumentFile,1
androidx.test.espresso.matcher.ViewMatchers.hasDescendant,6
androidx.mediarouter.app.MediaRouteActionProvider,1
androidx.media.AudioFocusRequestCompat,3
androidx.mediarouter.media.MediaRouter,2
androidx.media.AudioManagerCompat,4
androidx.test.espresso.action.ViewActions.swipeDown,4
androidx.core.text.TextUtilsCompat,3
androidx.core.app.SafeJobIntentService,1
androidx.test.espresso.intent.Intents.intended,6
androidx.cursoradapter.widget.ResourceCursorAdapter,1
androidx.test.espresso.action.MotionEvents,2
androidx.core.content.pm.PackageInfoCompat,2
androidx.core.app.ComponentActivity,1
androidx.legacy.app.ActionBarDrawerToggle,1
androidx.core.content.ContextCompat.checkSelfPermission,3
androidx.appcompat.widget.ThemedSpinnerAdapter,2
androidx.test.espresso.matcher.ViewMatchers.hasErrorText,1
androidx.test.runner.AndroidJUnitRunner,4
androidx.core.content.PermissionChecker.checkSelfPermission,1
androidx.test.runner.lifecycle.ActivityLifecycleMonitorRegistry,5
androidx.annotation.VisibleForTesting.PROTECTED,1
androidx.test.runner.lifecycle.Stage,2
androidx.test.InstrumentationRegistry.registerInstance,1
androidx.test.espresso.matcher.ViewMatchers.withEffectiveVisibility,5
androidx.core.app.NotificationCompat.BigPictureStyle,5
androidx.emoji.text.EmojiCompat,6
androidx.core.provider.FontRequest,5
androidx.emoji.bundled.BundledEmojiCompatConfig,6
androidx.emoji.text.FontRequestEmojiCompatConfig,5
androidx.emoji.widget.EmojiAppCompatEditText,5
androidx.test.espresso.action.ViewActions.swipeLeft,5
androidx.browser.customtabs.CustomTabsClient,3
androidx.browser.customtabs.CustomTabsSession,3
androidx.browser.customtabs.CustomTabsServiceConnection,3
androidx.legacy.app.FragmentCompat,1
androidx.core.util.PatternsCompat,2
androidx.core.os.OperationCanceledException,3
androidx.recyclerview.widget.ItemTouchHelper.RIGHT,5
androidx.recyclerview.widget.ItemTouchHelper.LEFT,5
androidx.core.util.Supplier,1
androidx.concurrent.futures.ResolvableFuture,1
androidx.transition.Scene,1
androidx.transition.TransitionSet,1
androidx.transition.TransitionInflater,2
androidx.navigation.fragment.FragmentNavigator,2
androidx.constraintlayout.widget.Guideline,5
androidx.navigation.NavDeepLinkBuilder,1
androidx.emoji.text.EmojiSpan,1
androidx.mediarouter.media.MediaRouteSelector,1
androidx.core.text.util.LinkifyCompat,3
androidx.room.*,2
androidx.media.VolumeProviderCompat,3
androidx.core.view.OnApplyWindowInsetsListener,1
androidx.camera.core.Camera,1
androidx.camera.core.CameraX,1
androidx.camera.lifecycle.ProcessCameraProvider,1
androidx.camera.view.PreviewView,1
androidx.camera.core.CameraSelector,1
androidx.camera.core.Preview,1
androidx.recyclerview.widget.RecyclerView.ItemDecoration,1
androidx.appcompat.widget.AppCompatCheckedTextView,1
androidx.test.filters.Suppress,1
androidx.test.runner.lifecycle.ActivityLifecycleMonitor,1
androidx.test.runner.lifecycle.Stage.RESUMED,3
androidx.lifecycle.Transformations.map,1
androidx.lifecycle.Transformations.switchMap,1
androidx.preference.PreferenceManager.getDefaultSharedPreferences,3
androidx.lifecycle.Transformations.distinctUntilChanged,1
androidx.core.content.pm.ShortcutManagerCompat.isRequestPinShortcutSupported,1
androidx.recyclerview.widget.RecyclerView.NO_POSITION,4
androidx.lifecycle.SavedStateHandle,2
androidx.swiperefreshlayout.widget.SwipeRefreshLayout.OnRefreshListener,1
androidx.core.view.ViewCompat.isAttachedToWindow,1
androidx.core.content.ContextCompat.getSystemService,1
androidx.browser.customtabs.CustomTabsCallback,2
androidx.fragment.app.FragmentManager.OnBackStackChangedListener,1
androidx.viewpager.widget.ViewPager.SimpleOnPageChangeListener,1
androidx.biometric.BiometricManager.Authenticators.BIOMETRIC_STRONG,1
androidx.recyclerview.widget.ConcatAdapter,1
androidx.constraintlayout.motion.widget.MotionLayout,1
androidx.constraintlayout.widget.Barrier,1
androidx.transition.AutoTransition,2
androidx.biometric.BiometricManager.Authenticators.DEVICE_CREDENTIAL,1
androidx.appcompat.app.AppCompatDelegate.MODE_NIGHT_AUTO_BATTERY,1
androidx.appcompat.widget.ContentFrameLayout,1
androidx.test.espresso.matcher.ViewMatchers.withParent,3
androidx.core.app.NotificationCompat.PRIORITY_MAX,4
androidx.leanback.widget.Row,1
androidx.leanback.widget.ArrayObjectAdapter,1
androidx.leanback.widget.ListRow,1
androidx.leanback.widget.RowPresenter,1
androidx.leanback.preference.LeanbackSettingsFragment,1
androidx.leanback.widget.ListRowPresenter,1
androidx.leanback.widget.HeaderItem,1
androidx.recyclerview.widget.RecyclerView.OnItemTouchListener,2
androidx.leanback.preference.LeanbackPreferenceFragment,1
androidx.leanback.widget.OnItemViewSelectedListener,1
androidx.leanback.widget.HorizontalGridView,1
androidx.leanback.widget.OnItemViewClickedListener,1
androidx.leanback.widget.ImageCardView,1
androidx.leanback.widget.ObjectAdapter,1
androidx.leanback.widget.Presenter,1
androidx.preference.PreferenceDialogFragment,1
androidx.preference.PreferenceFragment,2
androidx.leanback.app.BrowseSupportFragment,1
androidx.leanback.widget.BaseCardView,1
androidx.test.espresso.contrib.DrawerMatchers.isOpen,1
androidx.test.espresso.matcher.ViewMatchers.hasFocus,1
androidx.test.espresso.intent.matcher.IntentMatchers.hasType,1
androidx.test.espresso.intent.matcher.IntentMatchers.hasData,1
androidx.test.espresso.intent.matcher.IntentMatchers.hasAction,1
androidx.test.espresso.intent.matcher.IntentMatchers.hasExtra,1
androidx.test.espresso.contrib.DrawerActions.close,1
androidx.test.espresso.intent.Checks.checkNotNull,1
androidx.test.espresso.contrib.DrawerMatchers.isClosed,1
androidx.test.espresso.intent.Intents,4
androidx.test.espresso.intent.matcher.IntentMatchers.hasCategories,1
androidx.test.espresso.contrib.NavigationViewActions.navigateTo,1
androidx.test.espresso.contrib.DrawerActions.open,2
androidx.preference.ListPreferenceDialogFragmentCompat,1
androidx.media.app.NotificationCompat.MediaStyle.getMediaSession,1
androidx.core.widget.PopupMenuCompat,1
androidx.core.app.ActivityCompat.startIntentSenderForResult,1
androidx.work.ListenableWorker.Result.success,1
androidx.work.ExistingPeriodicWorkPolicy.REPLACE,1
androidx.work.ListenableWorker.Result.retry,1
androidx.work.ExistingPeriodicWorkPolicy.KEEP,1
androidx.work.ListenableWorker.Result.failure,1
androidx.room.OnConflictStrategy.REPLACE,1
androidx.room.OnConflictStrategy.IGNORE,1
androidx.viewpager.widget.PagerTitleStrip,1
androidx.core.view.inputmethod.*,1
androidx.lifecycle.*,1
androidx.activity.result.ActivityResultCaller,1
androidx.multidex.BuildConfig,1
androidx.core.app.NotificationCompat.PRIORITY_HIGH,1
androidx.test.InstrumentationRegistry.getTargetContext,2
androidx.test.espresso.IdlingPolicies.getMasterIdlingPolicy,2
androidx.test.espresso.action.ViewActions.clearText,3
androidx.test.espresso.action.CloseKeyboardAction,2
androidx.test.espresso.IdlingPolicy,2
androidx.test.espresso.action.ViewActions.pressBack,2
androidx.test.espresso.IdlingPolicies.getDynamicIdlingResourceErrorPolicy,2
androidx.test.espresso.matcher.ViewMatchers.isDisplayingAtLeast,2
androidx.test.espresso.IdlingPolicies.setIdlingResourceTimeout,2
androidx.test.espresso.IdlingPolicies.setMasterPolicyTimeout,2
androidx.test.espresso.contrib.RecyclerViewActions.actionOnHolderItem,2
androidx.test.espresso.Espresso.registerIdlingResources,2
androidx.appcompat.widget.Toolbar.OnMenuItemClickListener,1
androidx.core.view.MenuItemCompat.OnActionExpandListener,2
androidx.lifecycle.LifecycleService,1
androidx.lifecycle.GenericLifecycleObserver,1
androidx.fragment.app.FragmentResultListener,1
androidx.work.testing.SynchronousExecutor,1
androidx.gridlayout.widget.GridLayout,1
androidx.core.os.LocaleListCompat,1
androidx.work.testing.WorkManagerTestInitHelper,1
androidx.recyclerview.widget.LinearSnapHelper,1
androidx.test.espresso.action.ViewActions.swipeRight,2
androidx.recyclerview.widget.OrientationHelper,1
androidx.test.uiautomator.UiWatcher,1
androidx.core.view.DisplayCompat,1
androidx.core.app.ServiceCompat,1
androidx.recyclerview.widget.RecyclerView.SCROLL_STATE_IDLE,2
androidx.test.espresso.action.GeneralSwipeAction,1
androidx.test.espresso.action.CoordinatesProvider,1
androidx.test.espresso.action.GeneralLocation,1
androidx.test.espresso.action.PrecisionDescriber,1
androidx.test.espresso.action.Swipe,1
androidx.test.espresso.action.Press,2
androidx.test.espresso.matcher.ViewMatchers.Visibility,1
androidx.test.espresso.action.Tapper,1
androidx.test.espresso.action.Tap,1
androidx.tvprovider.media.tv.ChannelLogoUtils,1
androidx.preference.PreferenceFragmentCompat.OnPreferenceStartScreenCallback,1
androidx.core.app.ActivityCompat.OnRequestPermissionsResultCallback,1
androidx.tvprovider.media.tv.TvContractCompat,1
androidx.tvprovider.media.tv.PreviewProgram,1
androidx.recyclerview.widget.RecyclerView.OnChildAttachStateChangeListener,1
androidx.tvprovider.media.tv.Channel,1
androidx.preference.Preference.BaseSavedState,1
androidx.test.annotation.Beta,1
androidx.test.espresso.intent.Checks,1
androidx.test.espresso.InjectEventSecurityException,1
androidx.test.rule.UiThreadTestRule,1
androidx.test.espresso.intent.matcher.IntentMatchers,1
androidx.lifecycle.ProcessLifecycleOwner,2
androidx.test.espresso.intent.matcher.ComponentNameMatchers.hasClassName,1
androidx.test.espresso.intent.matcher.IntentMatchers.anyIntent,1
androidx.test.espresso.contrib.RecyclerViewActions.scrollToPosition,1
androidx.recyclerview.widget.SortedListAdapterCallback,1
androidx.recyclerview.widget.SortedList,1
androidx.test.espresso.Espresso.pressBackUnconditionally,1
androidx.test.espresso.idling.CountingIdlingResource,1
androidx.room.ForeignKey.SET_NULL,1
androidx.databinding.ObservableArrayList,1
androidx.databinding.DataBindingComponent,1
androidx.test.espresso.action.ViewActions.pressImeActionButton,1
androidx.paging.PositionalDataSource,1
androidx.recyclerview.selection.Selection,3
androidx.test.espresso.matcher.ViewMatchers.withChild,1
androidx.test.espresso.action.ViewActions.typeTextIntoFocusedView,1
androidx.test.espresso.matcher.ViewMatchers.isFocused,1
androidx.legacy.content.WakefulBroadcastReceiver,2
androidx.core.view.ViewPropertyAnimatorListener,1
androidx.core.app.JobIntentService.enqueueWork,2
androidx.room.RoomWarnings,1
androidx.appcompat.widget.PopupMenu.OnMenuItemClickListener,1
androidx.core.app.NotificationCompat.InboxStyle,1
androidx.transition.TransitionListenerAdapter,1
androidx.work.Constraints.Builder,1
androidx.sqlite.db.SupportSQLiteOpenHelper.Callback,1
androidx.sqlite.db.SupportSQLiteOpenHelper.Configuration,1
androidx.sqlite.db.SupportSQLiteOpenHelper,1
androidx.recyclerview.widget.RecyclerView.AdapterDataObserver,1
androidx.core.os.TraceCompat,1
androidx.recyclerview.widget.ViewInfoStore.InfoRecord.FLAG_PRE_AND_POST,1
androidx.core.view.ScrollingView,1
androidx.dynamicanimation.animation.FloatPropertyCompat,1
androidx.annotation.RestrictTo.Scope.LIBRARY,1
androidx.recyclerview.widget.ChatListItemAnimator,1
androidx.recyclerview.widget.RecyclerView.ItemAnimator.ItemHolderInfo,1
androidx.core.app.BundleCompat,1
androidx.core.view.ViewCompat.TYPE_TOUCH,1
androidx.annotation.RestrictTo.Scope.LIBRARY_GROUP_PREFIX,1
androidx.recyclerview.widget.GridLayoutManagerFixed,1
androidx.recyclerview.widget.LinearSmoothScrollerCustom,1
androidx.recyclerview.widget.LinearSmoothScrollerEnd,1
androidx.core.view.ViewCompat.TYPE_NON_TOUCH,1
androidx.dynamicanimation.animation.SpringForce,1
androidx.recyclerview.widget.ViewInfoStore.InfoRecord.FLAG_APPEAR_PRE_AND_POST,1
androidx.recyclerview.widget.ViewInfoStore.InfoRecord.FLAG_APPEAR,1
androidx.core.util.Preconditions,1
androidx.recyclerview.widget.ViewInfoStore.InfoRecord.FLAG_PRE,1
androidx.core.view.InputDeviceCompat,1
androidx.dynamicanimation.animation.DynamicAnimation,1
androidx.recyclerview.widget.ViewInfoStore.InfoRecord.FLAG_APPEAR_AND_DISAPPEAR,1
androidx.recyclerview.widget.ViewInfoStore.InfoRecord.FLAG_POST,1
androidx.recyclerview.widget.ViewInfoStore.InfoRecord.FLAG_DISAPPEARED,1
androidx.dynamicanimation.animation.SpringAnimation,1
androidx.recyclerview.widget.ItemTouchHelper.ACTION_STATE_SWIPE,1
androidx.recyclerview.widget.ItemTouchHelper.Callback,1
androidx.recyclerview.selection.StableIdKeyProvider,1
androidx.annotation.Dimension,2
androidx.preference.PreferenceManagerBinder,2
androidx.appcompat.app.AppCompatCallback,2
androidx.core.widget.ContentLoadingProgressBar,1
androidx.test.espresso.action.ViewActions.actionWithAssertions,1
androidx.core.text.TextDirectionHeuristicsCompat,1
androidx.test.espresso.matcher.CursorMatchers,1
androidx.asynclayoutinflater.view.AsyncLayoutInflater,1
androidx.core.app.NotificationCompat.PRIORITY_DEFAULT,2
androidx.paging.ItemKeyedDataSource,1
androidx.test.internal.util.Checks.checkArgument,2
androidx.fragment.app.Fragment.InstantiationException,1
androidx.navigation.NavBackStackEntry,1
androidx.navigation.NavInflater,1
androidx.navigation.Navigator,1
androidx.core.view.ViewCompat.NestedScrollType,1
androidx.annotation.RestrictTo.Scope.LIBRARY_GROUP,1
androidx.core.view.ViewCompat.ScrollAxis,1
androidx.coordinatorlayout.widget.CoordinatorLayout.AttachedBehavior,1
androidx.navigation.NavGraph,1
